-- phpMyAdmin SQL Dump
-- version 4.7.7
-- https://www.phpmyadmin.net/
--
-- Host: 127.0.0.1
-- Generation Time: Nov 22, 2019 at 04:15 PM
-- Server version: 10.1.30-MariaDB
-- PHP Version: 7.2.2

SET SQL_MODE = "NO_AUTO_VALUE_ON_ZERO";
SET AUTOCOMMIT = 0;
START TRANSACTION;
SET time_zone = "+00:00";


/*!40101 SET @OLD_CHARACTER_SET_CLIENT=@@CHARACTER_SET_CLIENT */;
/*!40101 SET @OLD_CHARACTER_SET_RESULTS=@@CHARACTER_SET_RESULTS */;
/*!40101 SET @OLD_COLLATION_CONNECTION=@@COLLATION_CONNECTION */;
/*!40101 SET NAMES utf8mb4 */;

--
-- Database: `stdac`
--

-- --------------------------------------------------------

--
-- Table structure for table `ac_activity`
--

CREATE TABLE `ac_activity` (
  `id` int(11) NOT NULL,
  `name` varchar(1000) NOT NULL,
  `start_time` datetime NOT NULL,
  `end_time` datetime NOT NULL,
  `semester` char(1) NOT NULL,
  `year` char(4) NOT NULL,
  `group_id` text NOT NULL
) ENGINE=InnoDB DEFAULT CHARSET=utf8mb4;

--
-- Dumping data for table `ac_activity`
--

INSERT INTO `ac_activity` (`id`, `name`, `start_time`, `end_time`, `semester`, `year`, `group_id`) VALUES
(7, 'วันลอยกระทง', '1111-11-11 01:00:00', '1111-11-11 12:00:00', '2', '2562', '{\"0\":\"57220408\",\"1\":\"58220104\",\"2\":\"58220210\",\"3\":\"58220211\",\"4\":\"58220417\",\"5\":\"58221222\",\"6\":\"58221224\",\"7\":\"59220101\",\"8\":\"59220103\",\"9\":\"59220104\",\"10\":\"59220208\",\"11\":\"59220210\",\"12\":\"59220211\",\"13\":\"59220228\",\"14\":\"59220313\",\"15\":\"59220414\",\"16\":\"59220417\",\"17\":\"59221125\",\"18\":\"59221128\",\"19\":\"59221222\",\"20\":\"59270126\",\"21\":\"60220101\",\"22\":\"60220102\",\"23\":\"60220103\",\"24\":\"60220104\",\"25\":\"60220105\",\"26\":\"60220206\",\"27\":\"60220207\",\"28\":\"60220208\",\"29\":\"60220309\",\"30\":\"60220410\",\"31\":\"60220411\",\"32\":\"60220412\",\"33\":\"60221115\",\"34\":\"60221116\",\"35\":\"60221120\",\"36\":\"60221121\",\"37\":\"60221213\",\"38\":\"60221214\",\"39\":\"60270117\",\"40\":\"60270118\",\"41\":\"60320201\",\"42\":\"60320202\",\"43\":\"60320203\",\"44\":\"60321101\",\"45\":\"60321501\",\"46\":\"60321502\",\"47\":\"61220101\",\"48\":\"61220102\",\"49\":\"61220103\",\"50\":\"61220104\",\"51\":\"61220105\",\"52\":\"61220106\",\"53\":\"61220201\",\"54\":\"61220202\",\"55\":\"61220203\",\"56\":\"61220301\",\"57\":\"61220401\",\"58\":\"61220402\",\"59\":\"61220403\",\"60\":\"61220404\",\"61\":\"61220405\",\"62\":\"61221101\",\"63\":\"61221102\",\"64\":\"61221201\",\"65\":\"61221202\",\"66\":\"61221203\",\"67\":\"61270101\",\"68\":\"61270102\",\"69\":\"61320101\",\"70\":\"61320102\",\"71\":\"61320103\",\"72\":\"61320104\",\"73\":\"61320105\",\"74\":\"61320106\",\"75\":\"61320201\",\"76\":\"61320202\",\"77\":\"61320203\",\"78\":\"61320401\",\"79\":\"61320402\",\"80\":\"61321101\",\"81\":\"61321102\",\"82\":\"61321103\",\"83\":\"61321201\",\"84\":\"61321401\",\"85\":\"61321402\",\"86\":\"61321403\",\"87\":\"61321404\",\"88\":\"61321501\",\"89\":\"61321502\",\"90\":\"61370101\",\"91\":\"61370701\",\"92\":\"61390101\",\"93\":\"61420401\",\"94\":\"61420402\",\"95\":\"622020101\",\"96\":\"622020102\",\"97\":\"622020103\",\"98\":\"622020104\",\"99\":\"622020105\",\"100\":\"622020201\",\"101\":\"622020202\",\"102\":\"622020203\",\"103\":\"622020204\",\"104\":\"622020301\",\"105\":\"622020401\",\"106\":\"622020402\",\"107\":\"622020403\",\"108\":\"622020404\",\"109\":\"622021101\",\"110\":\"622021102\",\"111\":\"622021201\",\"112\":\"622021202\",\"113\":\"622070101\",\"115\":\"62320101\",\"116\":\"62320102\",\"117\":\"62320103\",\"118\":\"62320104\",\"119\":\"62320105\",\"120\":\"62320201\",\"121\":\"62320202\",\"122\":\"62320203\",\"123\":\"62320401\",\"124\":\"62320402\",\"125\":\"62321101\",\"126\":\"62321102\",\"127\":\"62321103\",\"128\":\"62321201\",\"129\":\"62321401\",\"130\":\"62321402\",\"131\":\"62321403\",\"132\":\"62321404\",\"133\":\"62321501\",\"134\":\"62370101\",\"135\":\"62370701\",\"136\":\"62390101\",\"137\":\"62420401\"}'),
(8, 'เข้าแถว คธ. 1/3 นะจะ', '2019-11-21 01:00:00', '2019-11-21 15:00:00', '1', '2562', '{\"0\":\"57220408\",\"1\":\"58220104\",\"2\":\"58220210\",\"3\":\"58220211\",\"4\":\"58220417\",\"5\":\"58221222\",\"6\":\"58221224\",\"7\":\"59220101\",\"8\":\"59220103\",\"9\":\"59220104\",\"10\":\"59220208\",\"11\":\"59220210\",\"12\":\"59220211\",\"13\":\"59220228\",\"14\":\"59220313\",\"15\":\"59220414\",\"16\":\"59220417\",\"17\":\"59221125\",\"18\":\"59221128\",\"19\":\"59221222\",\"20\":\"59270126\",\"21\":\"60220101\",\"22\":\"60220102\",\"23\":\"60220103\",\"24\":\"60220104\",\"25\":\"60220105\",\"26\":\"60220206\",\"27\":\"60220207\",\"28\":\"60220208\",\"29\":\"60220309\",\"30\":\"60220410\",\"31\":\"60220411\",\"32\":\"60220412\",\"33\":\"60221115\",\"34\":\"60221116\",\"35\":\"60221120\",\"36\":\"60221121\",\"37\":\"60221213\",\"38\":\"60221214\",\"39\":\"60270117\",\"40\":\"60270118\",\"41\":\"60320201\",\"42\":\"60320202\",\"43\":\"60320203\",\"44\":\"60321101\",\"45\":\"60321501\",\"46\":\"60321502\",\"47\":\"61220101\",\"48\":\"61220102\",\"49\":\"61220103\",\"50\":\"61220104\",\"51\":\"61220105\",\"52\":\"61220106\",\"53\":\"61220201\",\"54\":\"61220202\",\"55\":\"61220203\",\"56\":\"61220301\",\"57\":\"61220401\",\"58\":\"61220402\",\"59\":\"61220403\",\"60\":\"61220404\",\"61\":\"61220405\",\"62\":\"61221101\",\"63\":\"61221102\",\"64\":\"61221201\",\"65\":\"61221202\",\"66\":\"61221203\",\"67\":\"61270101\",\"68\":\"61270102\",\"69\":\"61320101\",\"70\":\"61320102\",\"71\":\"61320103\",\"72\":\"61320104\",\"73\":\"61320105\",\"74\":\"61320106\",\"75\":\"61320201\",\"76\":\"61320202\",\"77\":\"61320203\",\"78\":\"61320401\",\"79\":\"61320402\",\"80\":\"61321101\",\"81\":\"61321102\",\"82\":\"61321103\",\"83\":\"61321201\",\"84\":\"61321401\",\"85\":\"61321402\",\"86\":\"61321403\",\"87\":\"61321404\",\"88\":\"61321501\",\"89\":\"61321502\",\"90\":\"61370101\",\"91\":\"61370701\",\"92\":\"61390101\",\"93\":\"61420401\",\"94\":\"61420402\",\"95\":\"622020101\",\"96\":\"622020102\",\"97\":\"622020103\",\"98\":\"622020104\",\"99\":\"622020105\",\"100\":\"622020201\",\"101\":\"622020202\",\"102\":\"622020203\",\"103\":\"622020204\",\"104\":\"622020301\",\"105\":\"622020401\",\"106\":\"622020402\",\"107\":\"622020403\",\"108\":\"622020404\",\"109\":\"622021101\",\"110\":\"622021102\",\"111\":\"622021201\",\"112\":\"622021202\",\"114\":\"622070102\",\"115\":\"62320101\",\"116\":\"62320102\",\"117\":\"62320103\",\"118\":\"62320104\",\"119\":\"62320105\",\"120\":\"62320201\",\"121\":\"62320202\",\"122\":\"62320203\",\"123\":\"62320401\",\"124\":\"62320402\",\"125\":\"62321101\",\"126\":\"62321102\",\"127\":\"62321103\",\"128\":\"62321201\",\"129\":\"62321401\",\"130\":\"62321402\",\"131\":\"62321403\",\"132\":\"62321404\",\"133\":\"62321501\",\"134\":\"62370101\",\"135\":\"62370701\",\"136\":\"62390101\",\"137\":\"62420401\"}');

-- --------------------------------------------------------

--
-- Table structure for table `ac_group`
--

CREATE TABLE `ac_group` (
  `group_id` varchar(10) NOT NULL,
  `group_short_name` varchar(100) NOT NULL,
  `major_name` varchar(100) NOT NULL,
  `minor_name` varchar(100) NOT NULL,
  `level_name` varchar(100) NOT NULL
) ENGINE=InnoDB DEFAULT CHARSET=utf8mb4;

--
-- Dumping data for table `ac_group`
--

INSERT INTO `ac_group` (`group_id`, `group_short_name`, `major_name`, `minor_name`, `level_name`) VALUES
('57220408', 'ชคธ.3/8 ', 'คอมพิวเตอร์ธุรกิจ', 'คอมพิวเตอร์ธุรกิจ', 'ปวช.'),
('58220104', 'ชกบ.3/4 ', 'การบัญชี', 'การบัญชี', 'ปวช.'),
('58220210', 'ชกต.3/10 ', 'การตลาด', 'การตลาด', 'ปวช.'),
('58220211', 'ชกต.3/11 ', 'การตลาด', 'การตลาด', 'ปวช.'),
('58220417', 'ชคธ.3/17 ', 'คอมพิวเตอร์ธุรกิจ', 'คอมพิวเตอร์ธุรกิจ', 'ปวช.'),
('58221222', 'ชภต.3/22 ', 'ภาษาต่างประเทศ', 'ภาษาต่างประเทศ', 'ปวช.'),
('58221224', 'ชภต.3/24 ', 'ภาษาต่างประเทศ', 'ภาษาต่างประเทศ', 'ปวช.'),
('59220101', 'ชกบ.3/1 ', 'การบัญชี', 'การบัญชี', 'ปวช.'),
('59220103', 'ชกบ.3/3 ', 'การบัญชี', 'การบัญชี', 'ปวช.'),
('59220104', 'ชกบ.3/4 ', 'การบัญชี', 'การบัญชี', 'ปวช.'),
('59220208', 'ชกต.3/8 ', 'การตลาด', 'การตลาด', 'ปวช.'),
('59220210', 'ชกต.3/10 ', 'การตลาด', 'การตลาด', 'ปวช.'),
('59220211', 'ชกต.3/11 ', 'การตลาด', 'การตลาด', 'ปวช.'),
('59220228', 'ชกต.3/28 ', 'การตลาด', 'การตลาด', 'ปวช.'),
('59220313', 'ชกล.3/13 ', 'การเลขานุการ', 'การเลขานุการ', 'ปวช.'),
('59220414', 'ชคธ.3/14 ', 'คอมพิวเตอร์ธุรกิจ', 'คอมพิวเตอร์ธุรกิจ', 'ปวช.'),
('59220417', 'ชคธ.3/17 ', 'คอมพิวเตอร์ธุรกิจ', 'คอมพิวเตอร์ธุรกิจ', 'ปวช.'),
('59221125', 'ชธค.3/25 ', 'ธุรกิจค้าปลีก', 'ธุรกิจค้าปลีกร้านสะดวกซื้อ', 'ปวช.'),
('59221128', 'ชธค.3/25 ', 'ธุรกิจค้าปลีก', 'ธุรกิจค้าปลีกร้านสะดวกซื้อ', 'ปวช.'),
('59221222', 'ชภต.3/22 ', 'ภาษาต่างประเทศ', 'ภาษาต่างประเทศ', 'ปวช.'),
('59270126', 'ชกร.3/26 ', 'การโรงแรม', 'การโรงแรม', 'ปวช.'),
('60220101', 'ชกบ.3/1 ', 'การบัญชี', 'การบัญชี', 'ปวช.'),
('60220102', 'ชกบ.3/2 ', 'การบัญชี', 'การบัญชี', 'ปวช.'),
('60220103', 'ชกบ.3/3 ', 'การบัญชี', 'การบัญชี', 'ปวช.'),
('60220104', 'ชกบ.3/4 ', 'การบัญชี', 'การบัญชี', 'ปวช.'),
('60220105', 'ชกบ.3/5 ', 'การบัญชี', 'การบัญชี', 'ปวช.'),
('60220206', 'ชกต.3/6 ', 'การตลาด', 'การตลาด', 'ปวช.'),
('60220207', 'ชกต.3/7 ', 'การตลาด', 'การตลาด', 'ปวช.'),
('60220208', 'ชกต.3/8 ', 'การตลาด', 'การตลาด', 'ปวช.'),
('60220309', 'ชกล.3/9 ', 'การเลขานุการ', 'การเลขานุการ', 'ปวช.'),
('60220410', 'ชคธ.3/10 ', 'คอมพิวเตอร์ธุรกิจ', 'คอมพิวเตอร์ธุรกิจ', 'ปวช.'),
('60220411', 'ชคธ.3/11 ', 'คอมพิวเตอร์ธุรกิจ', 'คอมพิวเตอร์ธุรกิจ', 'ปวช.'),
('60220412', 'ชคธ.3/12 ', 'คอมพิวเตอร์ธุรกิจ', 'คอมพิวเตอร์ธุรกิจ', 'ปวช.'),
('60221115', 'ชธค.3/15 ทวิภาคี ', 'ธุรกิจค้าปลีก', 'ธุรกิจค้าปลีกทั่วไป', 'ปวช.'),
('60221116', 'ชธค.3/16 ทวิภาคี A ', 'ธุรกิจค้าปลีก', 'ธุรกิจค้าปลีกทั่วไป', 'ปวช.'),
('60221120', 'ชธค.3/20 ทวิภาคี ', 'ธุรกิจค้าปลีก', 'ธุรกิจค้าปลีกทั่วไป', 'ปวช.'),
('60221121', 'ชธค.3/16 ทวิภาคี B ', 'ธุรกิจค้าปลีก', 'ธุรกิจค้าปลีกร้านสะดวกซื้อ', 'ปวช.'),
('60221213', 'ชภต.3/13 ', 'ภาษาต่างประเทศ', 'ภาษาต่างประเทศ', 'ปวช.'),
('60221214', 'ชภต.3/14 ', 'ภาษาต่างประเทศ', 'ภาษาต่างประเทศ', 'ปวช.'),
('60270117', 'ชกร.3/17 ทวิภาคี ', 'การโรงแรม', 'การโรงแรม', 'ปวช.'),
('60270118', 'ชกร.3/18 ทวิภาคี ', 'การโรงแรม', 'การโรงแรม', 'ปวช.'),
('60320201', 'สกต.2/1 ', 'การตลาด', 'การตลาด', 'ปวส.'),
('60320202', 'สกต.2/2 ', 'การตลาด', 'การตลาด', 'ปวส.'),
('60320203', 'สกต.2/1 ', 'การตลาด', 'การตลาด', 'ปวส.'),
('60321101', 'สกค.2/1 ', 'การจัดการธุรกิจค้าปลีก', 'ธุรกิจค้าปลีกทั่วไป', 'ปวส.'),
('60321501', 'สกท.2/1 ', 'การจัดการทั่วไป', 'การจัดการทั่วไป', 'ปวส.'),
('60321502', 'สกท.2/1 ', 'การจัดการทั่วไป', 'การจัดการทั่วไป', 'ปวส.'),
('61220101', 'ชกบ.2/1 ', 'การบัญชี', 'การบัญชี', 'ปวช.'),
('61220102', 'ชกบ.2/2 ', 'การบัญชี', 'การบัญชี', 'ปวช.'),
('61220103', 'ชกบ.2/3 ', 'การบัญชี', 'การบัญชี', 'ปวช.'),
('61220104', 'ชกบ.2/4 ', 'การบัญชี', 'การบัญชี', 'ปวช.'),
('61220105', 'ชกบ.2/5 ', 'การบัญชี', 'การบัญชี', 'ปวช.'),
('61220106', 'ชกบ.2/6 ', 'การบัญชี', 'การบัญชี', 'ปวช.'),
('61220201', 'ชกต.2/1 ', 'การตลาด', 'การตลาด', 'ปวช.'),
('61220202', 'ชกต.2/2 ', 'การตลาด', 'การตลาด', 'ปวช.'),
('61220203', 'ชกต.2/3 ', 'การตลาด', 'การตลาด', 'ปวช.'),
('61220301', 'ชกล.2/1 ', 'การเลขานุการ', 'การเลขานุการ', 'ปวช.'),
('61220401', 'ชคธ.2/1 ', 'คอมพิวเตอร์ธุรกิจ', 'คอมพิวเตอร์ธุรกิจ', 'ปวช.'),
('61220402', 'ชคธ.2/2 ', 'คอมพิวเตอร์ธุรกิจ', 'คอมพิวเตอร์ธุรกิจ', 'ปวช.'),
('61220403', 'ชคธ.2/3 ', 'คอมพิวเตอร์ธุรกิจ', 'คอมพิวเตอร์ธุรกิจ', 'ปวช.'),
('61220404', 'ชคธ.2/4 ', 'คอมพิวเตอร์ธุรกิจ', 'คอมพิวเตอร์ธุรกิจ', 'ปวช.'),
('61220405', 'ชคธ.2/5 ', 'คอมพิวเตอร์ธุรกิจ', 'คอมพิวเตอร์ธุรกิจ', 'ปวช.'),
('61221101', 'ชธค.2/1 ทวิภาคี ', 'ธุรกิจค้าปลีก', 'ธุรกิจค้าปลีกทั่วไป', 'ปวช.'),
('61221102', 'ชธค.2/2 ทวิภาคี ', 'ธุรกิจค้าปลีก', 'ธุรกิจค้าปลีกทั่วไป', 'ปวช.'),
('61221201', 'ชภต.2/1 ', 'ภาษาต่างประเทศ', 'ภาษาต่างประเทศ', 'ปวช.'),
('61221202', 'ชภต.2/2 ', 'ภาษาต่างประเทศ', 'ภาษาต่างประเทศ', 'ปวช.'),
('61221203', 'ชภต.2/3 ', 'ภาษาต่างประเทศ', 'ภาษาต่างประเทศ', 'ปวช.'),
('61270101', 'ชกร.2/1 ทวิภาคี ', 'การโรงแรม', 'การโรงแรม', 'ปวช.'),
('61270102', 'ชกร.2/2 ทวิภาคี ', 'การโรงแรม', 'การโรงแรม', 'ปวช.'),
('61320101', 'สกบ.2/1 ', 'การบัญชี', 'การบัญชี', 'ปวส.'),
('61320102', 'สกบ.2/2 ภาษาญี่ปุ่น ', 'การบัญชี', 'การบัญชี', 'ปวส.'),
('61320103', 'สกบ.2/3 ', 'การบัญชี', 'การบัญชี', 'ปวส.'),
('61320104', 'สกบ.2/4 ', 'การบัญชี', 'การบัญชี', 'ปวส.'),
('61320105', 'สกบ.2/1ทวิภาคี ', 'การบัญชี', 'การบัญชี', 'ปวส.'),
('61320106', 'สกบ.2/2ทวิภาคี ', 'การบัญชี', 'การบัญชี', 'ปวส.'),
('61320201', 'สกต.2/1 ', 'การตลาด', 'การตลาด', 'ปวส.'),
('61320202', 'สกต.2/2 ', 'การตลาด', 'การตลาด', 'ปวส.'),
('61320203', 'สกต.2/1ทวิภาคี ', 'การตลาด', 'การตลาด', 'ปวส.'),
('61320401', 'สคธ.2/1 ', 'คอมพิวเตอร์ธุรกิจ', 'คอมพิวเตอร์ธุรกิจ', 'ปวส.'),
('61320402', 'สคธ.2/1ทวิภาดึ ', 'คอมพิวเตอร์ธุรกิจ', 'คอมพิวเตอร์ธุรกิจ', 'ปวส.'),
('61321101', 'สกค.2/1 ทวิภาคี ', 'การจัดการธุรกิจค้าปลีก', 'ธุรกิจค้าปลีกทั่วไป', 'ปวส.'),
('61321102', 'สกค.2/2 ทวิภาคี ', 'การจัดการธุรกิจค้าปลีก', 'ธุรกิจค้าปลีกทั่วไป', 'ปวส.'),
('61321103', 'สกค.2/3 ทวิภาคี ', 'การจัดการธุรกิจค้าปลีก', 'ธุรกิจค้าปลีกทั่วไป', 'ปวส.'),
('61321201', 'สภธ.2/1 ทวิภาคี ', 'ภาษาต่างประเทศธุรกิจ', 'ภาษาต่างประเทศธุรกิจ', 'ปวส.'),
('61321401', 'สกจ.2/1 ', 'การจัดการโลจิสติกส์', 'การจัดการคลังสินค้า', 'ปวส.'),
('61321402', 'สกจ.2/2 ', 'การจัดการโลจิสติกส์', 'การจัดการคลังสินค้า', 'ปวส.'),
('61321403', 'สกจ.2/1 ทวิภาคี ', 'การจัดการโลจิสติกส์', 'การจัดการคลังสินค้า', 'ปวส.'),
('61321404', 'สกจ.2/2 ทวิภาคี ', 'การจัดการโลจิสติกส์', 'ตัวแทนออกของ', 'ปวส.'),
('61321501', 'สกท.2/1 ', 'การจัดการทั่วไป', 'การจัดการทั่วไป', 'ปวส.'),
('61321502', 'สกท.2/1 ทวิภาคี ', 'การจัดการทั่วไป', 'การจัดการทั่วไป', 'ปวส.'),
('61370101', 'สกร.2/1 ทวิภาคี ', 'การโรงแรม', 'บริการอาหารและเครื่องดื่ม', 'ปวส.'),
('61370701', 'สกน.2/1 ทวิภาคี ', 'การจัดประชุมและนิทรรศการ', 'การจัดประชุมและนิทรรศการ', 'ปวส.'),
('61390101', 'สทส.2/1 ', 'เทคโนโลยีสารสนเทศ', 'เทคโนโลยีสารสนเทศ', 'ปวส.'),
('61420401', 'ทลบ.2 ', 'คอมพิวเตอร์ธุรกิจ', 'คอมพิวเตอร์ธุรกิจ', 'ป.ตรี'),
('61420402', 'ทลบ.2 ', 'คอมพิวเตอร์ธุรกิจ', 'คอมพิวเตอร์ธุรกิจ', 'ป.ตรี'),
('622020101', 'ชกบ.1/1 ', 'การบัญชี', 'การบัญชี', 'ปวช.'),
('622020102', 'ชกบ.1/2 ', 'การบัญชี', 'การบัญชี', 'ปวช.'),
('622020103', 'ชกบ.1/3 ', 'การบัญชี', 'การบัญชี', 'ปวช.'),
('622020104', 'ชกบ.1/4 ', 'การบัญชี', 'การบัญชี', 'ปวช.'),
('622020105', 'ชกบ.1/5 ', 'การบัญชี', 'การบัญชี', 'ปวช.'),
('622020201', 'ชกต.1/1 ', 'การตลาด', 'การตลาด', 'ปวช.'),
('622020202', 'ชกต.1/2 ', 'การตลาด', 'การตลาด', 'ปวช.'),
('622020203', 'ชกต.1/3 ', 'การตลาด', 'การตลาด', 'ปวช.'),
('622020204', 'ชกต.1/4  (ทวิศึกษา) ', 'การตลาด', 'การตลาด', 'ปวช.'),
('622020301', 'ชกล.1/1 ', 'การเลขานุการ ', 'การเลขานุการ ', 'ปวช.'),
('622020401', 'ชคธ.1/1 ', 'คอมพิวเตอร์ธุรกิจ', 'คอมพิวเตอร์ธุรกิจ', 'ปวช.'),
('622020402', 'ชคธ.1/2 ', 'คอมพิวเตอร์ธุรกิจ', 'คอมพิวเตอร์ธุรกิจ', 'ปวช.'),
('622020403', 'ชคธ.1/3 ', 'คอมพิวเตอร์ธุรกิจ', 'คอมพิวเตอร์ธุรกิจ', 'ปวช.'),
('622020404', 'ชคธ.1/4 ', 'คอมพิวเตอร์ธุรกิจ', 'คอมพิวเตอร์ธุรกิจ', 'ปวช.'),
('622021101', 'ชธค.1/1 ทวิภาคี ', 'ธุรกิจค้าปลีก', 'ธุรกิจอาหารและบริการ', 'ปวช.'),
('622021102', 'ชธค.1/2 ทวิภาคี ', 'ธุรกิจค้าปลีก', 'ธุรกิจค้าปลีกสมัยใหม่', 'ปวช.'),
('622021201', 'ชภต.1/1 ', 'ภาษาต่างประเทศ', 'ภาษาต่างประเทศ', 'ปวช.'),
('622021202', 'ชภต.1/2 ', 'ภาษาต่างประเทศ', 'ภาษาต่างประเทศ', 'ปวช.'),
('622070101', 'ชกร.1/1 ทวิภาคี ', 'การโรงแรม', 'การโรงแรม', 'ปวช.'),
('622070102', 'ชกร.1/2 ทวิภาคี ', 'การโรงแรม', 'การโรงแรม', 'ปวช.'),
('62320101', 'สกบ.1/1 ', 'การบัญชี', 'การบัญชี', 'ปวส.'),
('62320102', 'สกบ.1/2 ', 'การบัญชี', 'การบัญชี', 'ปวส.'),
('62320103', 'สกบ.1/3 ภาษาญี่ปุ่น ', 'การบัญชี', 'การบัญชี', 'ปวส.'),
('62320104', 'สกบ.1/1 ทวิภาคี ', 'การบัญชี', 'การบัญชี', 'ปวส.'),
('62320105', 'สกบ.1/2 ทวิภาคี ', 'การบัญชี', 'การบัญชี', 'ปวส.'),
('62320201', 'สกต.1/1 ', 'การตลาด', 'การตลาด', 'ปวส.'),
('62320202', 'สกต.1/2 ', 'การตลาด', 'การตลาด', 'ปวส.'),
('62320203', 'สกต.1/1 ทวิภาคี ', 'การตลาด', 'การตลาด', 'ปวส.'),
('62320401', 'สคธ.1/1 ', 'คอมพิวเตอร์ธุรกิจ', 'คอมพิวเตอร์ธุรกิจ', 'ปวส.'),
('62320402', 'สคธ.1/1 ทวิภาคี ', 'คอมพิวเตอร์ธุรกิจ', 'คอมพิวเตอร์ธุรกิจ', 'ปวส.'),
('62321101', 'สกค.1/1 ทวิภาคี ', 'การจัดการธุรกิจค้าปลีก', 'ธุรกิจค้าปลีกทั่วไป', 'ปวส.'),
('62321102', 'สกค.1/2 ทวิภาคี ', 'การจัดการธุรกิจค้าปลีก', 'ธุรกิจค้าปลีกทั่วไป', 'ปวส.'),
('62321103', 'สกค.1/3 ทวิภาคี ', 'การจัดการธุรกิจค้าปลีก', 'ธุรกิจค้าปลีกทั่วไป', 'ปวส.'),
('62321201', 'สภธ.1/1 ', 'ภาษาต่างประเทศธุรกิจ', 'ภาษาต่างประเทศธุรกิจ', 'ปวส.'),
('62321401', 'สกจ.1/1 ', 'การจัดการโลจิสติกส์', 'การจัดการคลังสินค้า', 'ปวส.'),
('62321402', 'สกจ.1/1 ทวิภาคี ', 'การจัดการโลจิสติกส์', 'การจัดการคลังสินค้า', 'ปวส.'),
('62321403', 'สกจ.1/2 ทวิภาคี ', 'การจัดการโลจิสติกส์', 'การจัดการคลังสินค้า', 'ปวส.'),
('62321404', 'สกจ.1/3 ทวิภาคี ', 'การจัดการโลจิสติกส์', 'ตัวแทนออกของ', 'ปวส.'),
('62321501', 'สกท.1/1 ', 'การจัดการทั่วไป', 'การจัดการทั่วไป', 'ปวส.'),
('62370101', 'สกร.1/1 ทวิภาคี ', 'การโรงแรม', 'บริการอาหารและเครื่องดื่ม', 'ปวส.'),
('62370701', 'สกน.1/1 ทวิภาคี ', 'การจัดประชุมและนิทรรศการ', 'การจัดประชุมและนิทรรศการ', 'ปวส.'),
('62390101', 'สทส.1/1 ', 'เทคโนโลยีสารสนเทศ', 'เทคโนโลยีสารสนเทศ', 'ปวส.'),
('62420401', 'คอมพิวเตอร์ธุรกิจ ', 'คอมพิวเตอร์ธุรกิจ', 'คอมพิวเตอร์ธุรกิจ', 'ป.ตรี');

-- --------------------------------------------------------

--
-- Table structure for table `ac_site_config`
--

CREATE TABLE `ac_site_config` (
  `config_name` varchar(32) CHARACTER SET utf8 COLLATE utf8_bin NOT NULL,
  `detail` text NOT NULL,
  `lastUpdate` timestamp NOT NULL DEFAULT CURRENT_TIMESTAMP ON UPDATE CURRENT_TIMESTAMP
) ENGINE=InnoDB DEFAULT CHARSET=utf8mb4;

--
-- Dumping data for table `ac_site_config`
--

INSERT INTO `ac_site_config` (`config_name`, `detail`, `lastUpdate`) VALUES
('siteName', 'Student Activity', '2019-11-11 09:01:54'),
('siteURL', 'http://localhost/stdac', '2019-11-21 10:51:36'),
('subName', 'SA', '2019-11-11 09:02:23'),
('theme', 'adminbsb', '2019-11-01 16:18:36');

-- --------------------------------------------------------

--
-- Table structure for table `ac_std`
--

CREATE TABLE `ac_std` (
  `student_id` varchar(100) NOT NULL,
  `prefix_id` char(1) NOT NULL,
  `stu_fname` varchar(1000) NOT NULL,
  `stu_lname` varchar(1000) NOT NULL,
  `group_id` varchar(10) NOT NULL
) ENGINE=InnoDB DEFAULT CHARSET=utf8mb4;

--
-- Dumping data for table `ac_std`
--

INSERT INTO `ac_std` (`student_id`, `prefix_id`, `stu_fname`, `stu_lname`, `group_id`) VALUES
('5722040024', '3', 'อธิพงษ์', 'วงศ์สาย', '57220408'),
('5822010131', '4', 'ปิยฉัตร', 'สมวงษ์', '58220104'),
('5822020019', '4', 'ภาริณี', 'สอนจันทร์', '58220210'),
('5822020086', '4', 'ชญานิน', 'บุญมี', '58220211'),
('5822040061', '3', 'วีรพงษ์', 'สุขน', '58220417'),
('5822120032', '3', 'ธารินทร์', 'ทองโชติ', '58221222'),
('5822120071', '4', 'วรรณพร', 'เข็มเพ็ชร', '58221224'),
('5922010029', '4', 'ธัญวลัย', 'บรรเทิงสุข', '59220101'),
('5922010083', '4', 'สุชาดา', 'ชะตะ', '59220103'),
('5922010119', '4', 'จันทร์ทิพย์', 'น้อยจริง', '59220104'),
('5922010132', '4', 'ฉัฐญา', 'ตาวันดี', '59220104'),
('5922010189', '4', 'อารียา', 'อุดมพัฒ', '59220104'),
('5922010190', '4', 'นุชจรีย์', 'ศรีสังวร', '59220103'),
('5922010199', '4', 'กนกรัตน์', 'ชูก้าน', '59220104'),
('5922010239', '3', 'พนิดา', 'แดงมณฑา', '60220105'),
('5922020007', '3', 'กาญจนา', 'ราชสีห์', '59220208'),
('5922020015', '4', 'ยุภา', 'ภูคำน้อย', '59220208'),
('5922020032', '4', 'พลอยไพลิน', 'นนทะศรี', '59220208'),
('5922020038', '4', 'พรทิพ', 'ก่อบุญ', '59220208'),
('5922020102', '3', 'จณิสตา', 'จันทร์กล่ำ', '59220210'),
('5922020137', '4', 'อารียา', 'นาคหุ่น', '59220210'),
('5922020143', '4', 'ศุภรัฐ', 'อิทธิปาทานันท์', '59220211'),
('5922020175', '4', 'วนาลี', 'ชนะกิจ', '59220210'),
('5922020178', '3', 'สุดารัตน์', 'วันหลัง', '59220211'),
('5922020205', '4', 'อรปรียา', 'พันธ์โชติ', '59220228'),
('5922020234', '3', 'สวิตต์', 'เกี่ยโกยกิจ', '59220211'),
('5922030016', '4', 'อัสษาริยา', 'ท้าวลา', '59220313'),
('5922040002', '3', 'กิตติชัย', 'ปานปุย', '59220414'),
('5922040005', '3', 'วันชัย', 'โพธิ์เปี่ยม', '59220414'),
('5922040016', '4', 'รังสิมา', 'ศรีพุฒ', '59220414'),
('5922040101', '4', 'นิสารัตน์', 'อยู่เย็น', '60220411'),
('5922040210', '3', 'วริษฐ์', 'หะวันพัฒนา', '59220417'),
('5922110008', '4', 'ศุภานัน', 'เสนานุช', '59221128'),
('5922110060', '4', 'ทักษวรรณ', 'พรรณิภา', '59221125'),
('5922120057', '4', 'กาญจนาพร', 'บุญช่วยชู', '59221222'),
('5927010011', '4', 'ชนม์ชนก', 'มังคละวงศ์', '59270126'),
('5927010022', '4', 'ธัญญารัตน์', 'คงกระจ่าง', '59270126'),
('6022010001', '4', 'กนกพร', 'พิมพ์พันธ์', '60220101'),
('6022010004', '4', 'ตรีรัก', 'ชัยทองคำ', '60220101'),
('6022010005', '4', 'ธนพร', 'เสนงาม', '60220101'),
('6022010007', '4', 'ภัฎชลิดา', 'นิทรัพย์', '60220101'),
('6022010009', '4', 'ปาริฉัตร', 'ปะติตัง', '60220101'),
('6022010010', '4', 'รัชนก', 'เสียงโต', '60220101'),
('6022010011', '4', 'กนกภรณ์', 'โสภาภาร', '60220101'),
('6022010012', '4', 'พัชวารี', 'สะอิมิ', '60220101'),
('6022010014', '4', 'กุสุมา', 'ถาวงษ์กลาง', '60220101'),
('6022010015', 'น', 'รินลดา', 'สำฤทธิ์', '60220101'),
('6022010017', '3', 'พรนรินทร์', 'เมืองศิริ', '60220101'),
('6022010018', '4', 'เกศราพร', 'บุญมาก', '60220101'),
('6022010019', '4', 'นราทิพย์', 'เชี่ยวชาญ', '60220101'),
('6022010021', '4', 'พนิตพร', 'ขันนาลา', '60220101'),
('6022010022', '4', 'เกียรติยาภรณ์', 'ไชยอินทร์', '60220101'),
('6022010023', '4', 'ขวัญชนก', 'ยางสุข', '60220101'),
('6022010025', '4', 'คชาภรณ์', 'บุญอินทร์', '60220101'),
('6022010026', '4', 'จารุวรรณ', 'พ่วงศรีไพร', '60220101'),
('6022010027', '4', 'จิตรลดา', 'ลมูลจิตต์', '60220101'),
('6022010030', '4', 'ชนกนันท์', 'อินทรสร', '60220101'),
('6022010031', '4', 'ปภาวี', 'โชว์สุภาพ', '60220101'),
('6022010032', '3', 'ธนาภา', 'สุวรรณแสง', '60220101'),
('6022010034', '4', 'ชลิตา', 'แสงทิม', '60220101'),
('6022010035', '4', 'นภัสสร', 'นิ่มละออ', '60220101'),
('6022010036', '4', 'ณัฐพร', 'หลักเพ็ชร', '60220101'),
('6022010037', '3', 'ธนภัทร', 'ขุมทรัพย์', '60220101'),
('6022010038', '2', 'ธนวัฒน์', 'ธนโชคอนันต์', '60220101'),
('6022010039', '4', 'ณัฐนรี', 'หางนาค', '60220101'),
('6022010041', '4', 'ณัฐวดี', 'จิตรตั้งประเสริฐ', '60220102'),
('6022010042', '3', 'ณิชกมล', 'พานทอง', '60220102'),
('6022010043', '4', 'กรรณิการ์', 'ศรีภุมมา', '60220102'),
('6022010044', '4', 'กัญญรัตน์', 'พึ่งผูก', '60220102'),
('6022010046', '4', 'เขตนภา', 'สุขสงวน', '60220102'),
('6022010048', '4', 'จุฑามาศ', 'ดีเกิด', '60220102'),
('6022010050', '3', 'กัญยานี', 'แก้วการไร่', '60220102'),
('6022010051', '4', 'กาญจนา', 'แสงสุข', '60220102'),
('6022010052', '4', 'นพรดา', 'ปั้นหุ่น', '60220102'),
('6022010054', '4', 'นภษร', 'แสงแก้ว', '60220102'),
('6022010055', '4', 'เกศณีย์', 'สำลี', '60220102'),
('6022010056', '4', 'นภัสสร', 'สุพรรณ์', '60220102'),
('6022010057', '4', 'ณัฐชา', 'สุขวิทย์', '60220102'),
('6022010060', '4', 'นริศรา', 'หนานนะ', '60220102'),
('6022010061', '4', 'วนาลี', 'สงวนหงษ์', '60220102'),
('6022010062', '4', 'ชมพูนุท', 'พรหมเรือง', '60220102'),
('6022010063', '4', 'ชลธิชา', 'ลำดวน', '60220102'),
('6022010064', '4', 'น้ำฝน', 'ศิริสมบัติ', '60220102'),
('6022010066', '4', 'พรรพัชษา', 'ขาวผ่อง', '60220102'),
('6022010067', '4', 'เบญจวรรณ', 'เพ็งน้ำคำ', '60220102'),
('6022010068', '4', 'ปกเกศ', 'นาคสิงห์', '60220102'),
('6022010069', '4', 'ชลลดา', 'ชัยบัณฑิต', '60220102'),
('6022010070', '3', 'ประภาพรรณ', 'ขันทอง', '60220102'),
('6022010071', '4', 'พนิดา', 'สีนวม', '60220102'),
('6022010074', '4', 'ประภาพรรณ', 'มั่นน้อย', '60220102'),
('6022010075', '4', 'ปวันรัตน์', 'บัวล้อม', '60220102'),
('6022010076', '4', 'ธันยาภัทร์', 'ธีรชาติธนาศิลป์', '60220102'),
('6022010077', '4', 'วิชุดา', 'ศรีดาจันทร์', '60220102'),
('6022010078', '4', 'มณีสร', 'สุขกล่ำ', '60220102'),
('6022010081', '4', 'พรชิตา', 'จันทร์แก้ว', '60220103'),
('6022010082', '4', 'สมิตา', 'ชาวขุนทด', '60220103'),
('6022010083', '4', 'สินันตา', 'หล้าคอม', '60220103'),
('6022010084', '4', 'พรนภา', 'บุดดาวงค์', '60220103'),
('6022010085', '3', 'กิตติพน', 'จงจอหอ', '60220103'),
('6022010086', '4', 'พรนัชชา', 'ลาภทวีพรกุล', '60220103'),
('6022010087', '4', 'วาสนา', 'สิริประไพโรจน์', '60220103'),
('6022010088', '4', 'อริสรา', 'นำพา', '60220103'),
('6022010089', '4', 'กนกอร', 'คำโท', '60220103'),
('6022010090', '3', 'พฤทธิ์', 'เครือง้าว', '60220103'),
('6022010091', '4', 'กาญจนา', 'จันทร', '60220103'),
('6022010092', '3', 'พัชริดา', 'ปรางค์ทอง', '60220103'),
('6022010093', '4', 'อนัสชา', 'ลามณี', '60220103'),
('6022010094', '4', 'เกตุกมล', 'มั่นคง', '60220103'),
('6022010096', '3', 'เกศราพร', 'ผดุงผล', '60220103'),
('6022010097', '4', 'อภิญญา', 'ศรีพิทักษ์', '60220103'),
('6022010099', '4', 'บุญพิทักษ์', 'เอี่ยมเอก', '60220103'),
('6022010100', '4', 'สุนันทา', 'สุขใส', '60220103'),
('6022010101', '3', 'ภควา', 'แสงนาค', '60220103'),
('6022010102', '4', 'จิติมา', 'สุขบงกช', '60220103'),
('6022010103', '4', 'พิชชาภา', 'หล่าแสนเมือง', '60220103'),
('6022010105', '4', 'ศุภาพิชญ์', 'แสงฉาย', '60220103'),
('6022010106', '4', 'สุชาดา', 'น้อยลา', '60220103'),
('6022010107', '4', 'มัทสุหรี', 'บุญประเสริฐ', '60220103'),
('6022010108', '4', 'มาริษา', 'ทิมพิทักษ์', '60220103'),
('6022010110', '4', 'รศนา', 'วงษ์มณฑา', '60220103'),
('6022010112', '4', 'พรทิพย์', 'สิทธิสวัสดิ์', '60220103'),
('6022010113', '4', 'กัลยกร', 'โสภาระ', '60220103'),
('6022010114', '4', 'ลัคนา', 'แก้วศรีรัตน์', '60220103'),
('6022010115', '4', 'วชิรดา', 'ซอพรมราช', '60220103'),
('6022010117', '4', 'ศิรินทิพย์', 'สระเทียนทอง', '60220103'),
('6022010118', '4', 'พรนภัส', 'บรรณารักษ์', '60220103'),
('6022010119', '4', 'เกวลิน', 'ศรีณะลา', '60220103'),
('6022010120', '4', 'วันเพ็ญ', 'สวัสดิ์พาที', '60220103'),
('6022010121', '3', 'วิภาดา', 'ผิวบาง', '60220104'),
('6022010123', '4', 'พัชรีพร', 'คันตลี', '60220104'),
('6022010124', '4', 'สุดารัตน์', 'ช่วยเกลี้ยง', '60220104'),
('6022010125', '4', 'ศิริขวัญ', 'บุญธรรม', '60220104'),
('6022010126', '4', 'สิริยา', 'อ่วมพิทักษ์', '60220104'),
('6022010127', '4', 'กัญญารัตน์', 'จินดาวงศ์', '60220104'),
('6022010128', '4', 'สุชาดา', 'ศรีราชคต', '60220104'),
('6022010129', '4', 'วรรณชนก', 'สวัสดี', '60220104'),
('6022010131', '4', 'สมฤดี', 'สาริกา', '60220104'),
('6022010132', '4', 'พีรดา', 'แขกวงษ์', '60220104'),
('6022010134', '4', 'อรนภา', 'ทับรวย', '60220104'),
('6022010135', '4', 'อังคณา', 'สงวัฒน์', '60220104'),
('6022010136', '4', 'นัดดา', 'นาคยอง', '60220104'),
('6022010138', '4', 'อุไรวรรณ', 'ภู่มะณี', '60220104'),
('6022010139', '4', 'ณัฐกฤตา', 'เขียวนอก', '60220104'),
('6022010140', '4', 'อรสา', 'ทองคำ', '60220104'),
('6022010141', '4', 'อรสา', 'พงษ์วรรณ', '60220104'),
('6022010142', '3', 'วรันธร', 'จันทร์บัญฑิตย์', '60220104'),
('6022010143', '4', 'สุพิชา', 'วันหวัง', '60220104'),
('6022010144', '4', 'แสงดาว', 'สุกสว่าง', '60220104'),
('6022010145', '4', 'หทัยรัตน์', 'แม้นวิลัย', '60220104'),
('6022010146', '4', 'อณิษฐา', 'ฤทธิเรือง', '60220104'),
('6022010147', '4', 'อธิติยา', 'ฤทธานันท์', '60220104'),
('6022010148', '4', 'วราภรณ์', 'อรุณพูลทรัพย์', '60220104'),
('6022010149', '4', 'ศิริวิมล', 'สุนนท์นาม', '60220104'),
('6022010151', '4', 'ศศิการ', 'สุขแสน', '60220104'),
('6022010152', '4', 'อทิตยา', 'ชะบา', '60220104'),
('6022010153', '4', 'กาญจนา', 'ยุครัมย์', '60220104'),
('6022010155', '3', 'สิรินดา', 'สมาน', '60220104'),
('6022010157', '4', 'อศิตา', 'รอดอุ่น', '60220104'),
('6022010158', '4', 'พฤกษ์สรณ์', 'เสนาะวาที', '60220104'),
('6022010160', '4', 'ฤทัยชนก', 'กุลิมา', '60220104'),
('6022010161', '4', 'กรกมล', 'รัตน์กระทุ่ม', '60220105'),
('6022010162', '4', 'จันทร์ทิวา', 'บัวรอด', '60220105'),
('6022010163', '4', 'จิรมณี', 'พันธ์สาย', '60220105'),
('6022010164', '4', 'จิรมณี', 'มุมทอง', '60220105'),
('6022010165', '4', 'ณัฐนรินทร์', 'คาเนโกะ', '60220105'),
('6022010166', '4', 'ณัฐภัทร', 'แน่นหนา', '60220105'),
('6022010167', '4', 'ณิชนันทน์', 'กางมันต์', '60220105'),
('6022010168', '4', 'นรรฆวรรณ', 'ภักดี', '60220105'),
('6022010169', '4', 'ปัณฑิตา', 'แสงสิริวิโรจน์', '60220105'),
('6022010170', '4', 'รฐพร', 'ทองนวล', '60220105'),
('6022010171', '4', 'รัตติกาล', 'คงแก้ว', '60220105'),
('6022010172', '4', 'วรรลลิต', 'สิงหา', '60220105'),
('6022010173', '3', 'วรวิชญ์', 'แก้วประสิทธิ์', '60220105'),
('6022010174', '4', 'สินีนาฏ', 'จำปีคง', '60220105'),
('6022010176', '4', 'เกษมณี', 'อัครธนชัย', '60220105'),
('6022010177', '4', 'ญาณิศา', 'จอมประเสริฐ', '60220105'),
('6022010178', '4', 'ธัญวรัตม์', 'สิริยศโสภณ', '60220105'),
('6022010179', '3', 'ปิยพนธ์', 'รักกิจ', '60220105'),
('6022010180', '3', 'ศิริพงษ์', 'แสงโพธิ์', '60220105'),
('6022010181', '4', 'อันดาพร', 'นิมนรดี', '60220105'),
('6022010182', '4', 'ฑิตยา', 'เสือชื่น', '60220105'),
('6022010183', '4', 'อารียา', 'ศิวิใจ', '60220105'),
('6022020006', '4', 'สโรชา', 'บุญผ่อง', '60220206'),
('6022020007', '3', 'อังสุมา', 'พรหมบุตร', '60220206'),
('6022020010', '3', 'จารุวรรณ', 'เคนโคกกรวด', '60220206'),
('6022020012', '4', 'สุจิตรา', 'อินทร์จ้อย', '60220206'),
('6022020016', '3', 'เฉลิมวัลย์', 'เทียมวงษ์', '60220206'),
('6022020019', '4', 'สุธิดา', 'สุขใส', '60220206'),
('6022020021', '3', 'ชาญชัย', 'ด้วงสโมสร', '60220206'),
('6022020023', '4', 'ฐิตินันท์', 'เติบโต', '60220206'),
('6022020024', '4', 'ณัชชา', 'ทองใบ', '60220206'),
('6022020025', '4', 'กัญญา', 'พะสีนาม', '60220206'),
('6022020026', '4', 'สุฑิตา', 'วิบูลสุขถวิล', '60220206'),
('6022020028', '4', 'สุนทรีกา', 'มีโนนทอง', '60220206'),
('6022020034', '3', 'ธนากร', 'ศรีรุ่งกาญจน์', '60220206'),
('6022020038', '4', 'พลอยไพลิน', 'เงาศรี', '60220206'),
('6022020039', '4', 'อมรรัตน์', 'เขียวอินทร์', '60220206'),
('6022020040', '3', 'อรพรรณ', 'มีประเสริฐ', '60220206'),
('6022020041', '4', 'สิริยากรณ์', 'นะบุตร', '60220206'),
('6022020042', '4', 'นิศารัตน์', 'ด้วงบัว', '60220206'),
('6022020050', '4', 'ปัทจมาภรณ์', 'มาศิลป์', '60220207'),
('6022020052', '3', 'ปิยะดา', 'นามนุ', '60220207'),
('6022020053', '4', 'ปิยะธิดา', 'หนอนไม้', '60220207'),
('6022020055', '4', 'ปิยะรัตน์', 'กลิ่นบุญรอด', '60220207'),
('6022020058', '3', 'พรไพลิน', 'หุ่นยนต์', '60220207'),
('6022020065', '4', 'จิรวดี', 'กรเกษม', '60220207'),
('6022020066', '4', 'พิมพ์ชนก', 'นิลพุทธา', '60220207'),
('6022020069', '4', 'ภคนิตา', 'จริตเอก', '60220207'),
('6022020071', '4', 'นันทมน', 'รักษาคดี', '60220207'),
('6022020078', '4', 'อริสรา', 'หอมจันทร์', '60220207'),
('6022020081', '4', 'สิริรัตน์', 'ดอกไม้ขาว', '60220207'),
('6022020082', '4', 'กานดา', 'ชัยสิทธิ์', '60220207'),
('6022020083', '4', 'สุนิษา', 'ดวงแย้ม', '60220207'),
('6022020085', '4', 'วรางคณา', 'รุจิระวาณิชย์', '60220207'),
('6022020086', '4', 'วันวิสาข์', 'ไชยพาฤทธิ์', '60220207'),
('6022020087', '4', 'วิจิตรา', 'โลบุญเลิศ', '60220208'),
('6022020088', '4', 'วีรดา', 'ขุนทอง', '60220208'),
('6022020089', '4', 'ศศิธร', 'ป้อมประคอง', '60220208'),
('6022020091', '4', 'จุฑามาศ', 'ทัดละมัย', '60220208'),
('6022020093', '4', 'ชลิตา', 'พาพันธ์', '60220208'),
('6022020097', '4', 'สโรชา', 'ศรีภิรมย์', '60220208'),
('6022020098', '4', 'สาวิตรี', 'ศิลป์ไพบูลย์', '60220208'),
('6022020106', '4', 'ภทรพร', 'ดำรงค์รักษ์', '60220208'),
('6022020107', '4', 'ภัสสร', 'มุ่งอิงกลาง', '60220208'),
('6022020108', '4', 'วรรณษา', 'มีจิตร', '60220208'),
('6022020109', '4', 'พัชรีพร', 'ตันติยะกุล', '60220208'),
('6022020111', '4', 'สุภาพร', 'อินทรีย์', '60220208'),
('6022020112', '4', 'อนุวรรณ', 'สุขแจ่ม', '60220208'),
('6022020113', '4', 'สุวนันท์', 'เฉียบกระโทก', '60220208'),
('6022020115', '4', 'เสาวลักษณ์', 'โมจินดา', '60220208'),
('6022020116', '4', 'หทัยภัทร', 'ชาญสูงเนิน', '60220208'),
('6022020117', '4', 'หนึ่งฤทัย', 'ผูกพันธ์', '60220208'),
('6022020118', '4', 'อธิติยาภรณ์', 'ชาญสูงเนิน', '60220208'),
('6022020119', '3', 'อนันดา', 'รองทอง', '60220208'),
('6022020120', '3', 'อนันต์', 'ดอกบัว', '60220208'),
('6022020123', '4', 'นันทวรรณ', 'ยกเจริญ', '60220208'),
('6022020125', '4', 'วรรณิศา', 'สมบุญ', '60220208'),
('6022020127', '4', 'พิมนตรา', 'จันทร์เรืองโรจน์', '60220208'),
('6022020128', '2', 'อัศวิน', 'กมุทะรัตน์', '60220208'),
('6022020130', '3', 'อัษฎาวุธ', 'เพชระ', '60220207'),
('6022020131', '3', 'ธนวัฒน์', 'อาจกลั่นแก้ว', '60220207'),
('6022020132', '4', 'ศิริพร', 'พันธ์ทองดี', '60220208'),
('6022020133', '4', 'บัว', 'แล้มนา', '60220207'),
('6022030001', '3', 'เจษฎาพร', 'จันทะปัดสา', '60220309'),
('6022030002', '4', 'นรินทร์ธร', 'อิ่มอ่อง', '60220309'),
('6022030003', '4', 'นัชรีพร', 'เสียงเพราะ', '60220309'),
('6022030006', '4', 'ขนิษฐา', 'ลาภสวัสดิ์', '60220309'),
('6022030011', '4', 'ธิติยา', 'โยธาหาร', '60220309'),
('6022030013', '3', 'นิภาวรรณ', 'โพธาราม', '60220309'),
('6022030014', '3', 'บุญจิฬา', 'บุตรสิม', '60220309'),
('6022030015', '4', 'บุษกร', 'เอี่ยมเขียว', '60220309'),
('6022030020', '4', 'พัสวีภรน์', 'พูลสวัสดิ์', '60220309'),
('6022030021', '4', 'พีรยา', 'แขกวงษ์', '60220309'),
('6022030023', '4', 'รีนา', 'ปานเดย์', '60220309'),
('6022030024', '4', 'วรัญญา', 'ขาวสอาด', '60220309'),
('6022030026', '4', 'ศิริลักษณ์', 'ทองเหลือง', '60220309'),
('6022030029', '3', 'สุนทรี', 'ผลจันทร์งาม', '60220309'),
('6022030032', '3', 'อมรรัตน์', 'ถ่อหลักแหลม', '60220309'),
('6022030037', '3', 'อรัญญา', 'บาซอลี', '60220309'),
('6022040002', '3', 'นราวิชญ์', 'ศรีพุ่ม', '60220410'),
('6022040005', '3', 'นุศราภรณ์', 'นาคเจือทอง', '60220410'),
('6022040007', '3', 'กวิสรา', 'แสงศรี', '60220410'),
('6022040009', '2', 'สุวิจักขณ์', 'พรรณสุทธิ', '60220410'),
('6022040013', 'น', 'จุฬาลักษณ์', 'พุ่มพวง', '60220410'),
('6022040016', '3', 'โปรดปราณ', 'พุฒพันธ์', '60220410'),
('6022040017', 'น', 'ณัฐกิตติ์', 'แก่นทอง', '60220410'),
('6022040018', '3', 'ภัคพล', 'ดำโดด', '60220410'),
('6022040019', '3', 'รุจิเรข', 'งดงาม', '60220410'),
('6022040020', '2', 'ณัฐภัทร', 'วงษ์ศิวิไล', '60220410'),
('6022040021', '2', 'ศราวุฒิ', 'พันบุดดี', '60220410'),
('6022040025', '2', 'ภัทรพล', 'พิศรูป', '60220410'),
('6022040026', '2', 'พัทธนันท์', 'อธิราชเทวินทร์', '60220410'),
('6022040029', '2', 'ทัตสุระ', 'มาตราคิด', '60220410'),
('6022040030', '3', 'ทิวาพร', 'เนตรแสงสี', '60220410'),
('6022040032', '3', 'ปิยะนันท์', 'อัมรนันท์', '60220410'),
('6022040034', 'น', 'สุขสันต์', 'บุญประเสริฐ', '60220410'),
('6022040035', '2', 'ธนัชนันท์', 'ธนะพัฒนาศรี', '60220410'),
('6022040036', '2', 'ธนากร', 'เครือวงค์น้อย', '60220410'),
('6022040037', '3', 'ภูริภัทร', 'แซ่เล้า', '60220410'),
('6022040038', '3', 'กนกกร', 'สโรบล', '60220410'),
('6022040040', '3', 'พรสวรรค์', 'ฉายปัญญา', '60220410'),
('6022040041', '2', 'ยศพัฒน์', 'มณีคง', '60220410'),
('6022040042', '2', 'ธีรเจต', 'สุขยานุดิษฐ', '60220410'),
('6022040043', '3', 'พิมพ์มาดา', 'ปานนพภา', '60220410'),
('6022040044', 'น', 'ธีรภัทร', 'เหล็งสา', '60220411'),
('6022040045', '3', 'ศิวกร', 'เฮี้ยนเจริญ', '60220411'),
('6022040046', 'น', 'วริศ', 'พันธุมณี', '60220411'),
('6022040047', 'น', 'นัทธพงศ์', 'มีศิลป์', '60220411'),
('6022040049', 'น', 'นิธิกร', 'ลิขนะจุล', '60220411'),
('6022040051', 'น', 'กฤษดา', 'ปริปุณณะ', '60220411'),
('6022040053', 'น', 'บุณณพัทธ์', 'สุขสะอาด', '60220411'),
('6022040054', '2', 'ธีรภัทร', 'มงคลนัฎ', '60220411'),
('6022040056', '4', 'ปนัดดา', 'กระจายแสง', '60220411'),
('6022040057', 'น', 'วัชรกร', 'สิงห์แก้ว', '60220411'),
('6022040059', 'น', 'อุฤทธิ์', 'ประสาทร์', '60220411'),
('6022040060', 'น', 'สุวิจักขณ์', 'อินฮวบ', '60220411'),
('6022040061', 'น', 'ปุณณวิท', 'มาถาวร', '60220411'),
('6022040062', 'น', 'ปุณยวีร์', 'เพียรงาม', '60220411'),
('6022040063', '3', 'ธนากร', 'หอมหวล', '60220411'),
('6022040067', '3', 'พรสุดา', 'ไชยรัตน์', '60220411'),
('6022040068', 'น', 'พัชนีวรรณ', 'โภคินธัญสิทธิ์', '60220411'),
('6022040069', '2', 'ณัฐวุฒิ', 'โพธิ์พงษ์', '60220411'),
('6022040072', 'น', 'พิชญะ', 'โพธิ์น้อย', '60220411'),
('6022040074', '3', 'พีรณัฐ', 'เนตรขวัญ', '60220411'),
('6022040075', '3', 'ภคภูมิ', 'มีทา', '60220411'),
('6022040076', '3', 'ภคิน', 'ปัญญารุ่งศักดิ์', '60220411'),
('6022040078', '4', 'สกาวพร', 'จุลหงษ์', '60220411'),
('6022040079', '3', 'นิธิกร', 'เกษม', '60220411'),
('6022040080', '4', 'อาทิตยา', 'ศรีจันทร์', '60220411'),
('6022040083', '4', 'กรกต', 'ฉิมอาภัย', '60220411'),
('6022040084', '4', 'รสิตา', 'เรืองบุตร', '60220411'),
('6022040085', '3', 'รัฐธนินท์', 'บวรเรืองศักดิ์', '60220411'),
('6022040087', '3', 'รัตนพงษ์', 'วิเชียรสรรค์', '60220412'),
('6022040088', 'น', 'ธนภัทร', 'ธนากิจชาญเจริญ', '60220412'),
('6022040089', '3', 'วรากร', 'วงษ์วิบูลย์', '60220412'),
('6022040091', 'น', 'ปัทมภรณ์', 'จั่นพา', '60220412'),
('6022040092', 'น', 'ศรัณยู', 'วันดี', '60220412'),
('6022040093', 'น', 'ศรายุทธ', 'สุขเดช', '60220412'),
('6022040094', 'น', 'ธราทร', 'เบญจรงค์', '60220412'),
('6022040095', '4', 'ธันย์สุตา', 'สหพรประสิทธิ์', '60220412'),
('6022040096', '4', 'ศิริลักษณ์', 'ม่วงน้อย', '60220412'),
('6022040097', '2', 'ณัฐวุฒิ', 'มินหะรีสุไรมาน', '60220412'),
('6022040098', '3', 'ศุภวัฒน์', 'จับจิตร์', '60220412'),
('6022040099', '3', 'ธนาภูมิ', 'ลือวุฒิกร', '60220412'),
('6022040100', '3', 'สมบัติ', 'ยืนทน', '60220412'),
('6022040102', '2', 'ณัฐภัทร', 'โพธิ์ศรี', '60220412'),
('6022040103', 'น', 'สาโรช', 'เจ๊ะมิน', '60220412'),
('6022040105', '4', 'สิริกร', 'ชวนนิยมตระกูล', '60220412'),
('6022040106', '3', 'สิริปุณยากร', 'สอนประเสริฐ', '60220412'),
('6022040107', '4', 'ทัตกมล', 'สุจริยา', '60220412'),
('6022040109', '2', 'สุทัศน์', 'ทองแกมแก้ว', '60220412'),
('6022040110', '2', 'ไตรภพ', 'วงศ์จันทร์', '60220412'),
('6022040111', '2', 'สุภคม', 'ธนาทรัพย์ไพโรจน์', '60220412'),
('6022040112', '3', 'สุรารักษ์', 'วัฒนา', '60220412'),
('6022040113', '2', 'สุริยา', 'มาสุริยะ', '60220412'),
('6022040114', 'น', 'ณัฐวุฒิ', 'กลิ่นษร', '60220412'),
('6022040115', '3', 'จิรพัทธ์', 'ชอุ่มเกตุ', '60220412'),
('6022040116', 'น', 'อทิชา', 'สมบูรณ์', '60220412'),
('6022040117', '3', 'กัณตนัย', 'ปิยะธรรมโสภณ', '60220412'),
('6022040118', '3', 'อนันดา', 'ทีปะนาวิน', '60220412'),
('6022040119', '3', 'ณพงศ์', 'ขำทวี', '60220412'),
('6022040120', '3', 'ธนชาติ', 'กตัญญู', '60220412'),
('6022040122', '3', 'สิทธิลักษณ์', 'วังสุข', '60220412'),
('6022040123', 'น', 'ธนกาญจน์', 'มณีรักษ์', '60220412'),
('6022040124', '3', 'สานนท์', 'ผิวคำ', '60220412'),
('6022040127', '3', 'ณัฐมน', 'เตมีรัสมี', '60220412'),
('6022040128', '3', 'เอมิกา', 'ธรรมรักษ์', '60220412'),
('6022040129', '3', 'นุชิต', 'อวยเลิศขจรล้ำ', '60220412'),
('6022040130', '3', 'ศิริพงษ์', 'เทินสระเกษ', '60220411'),
('6022040131', '2', 'สุธินันท์', 'คำยอดแก้ว', '60220411'),
('6022040132', 'น', 'วรรณศิลป์', 'หมายมุ่ง', '60220410'),
('6022040133', 'น', 'พงศกร', 'วงษารี', '60220410'),
('6022040134', 'น', 'พฤกษ์', 'พฤกษชาติ', '60220410'),
('6022040135', '4', 'กมลพร', 'ต้องกมลวัฒน์', '60220411'),
('6022040136', '2', 'ศุภณัฐ', 'สุวรรณศิลป์', '60220411'),
('6022040137', '3', 'กนต์ธร', 'สิงห์เสริมวงค์', '60220411'),
('6022110003', '4', 'ทิพย์ธารี', 'กะมลเลิศ', '60221115'),
('6022110007', '4', 'นงนภัส', 'บุญไทร', '60221115'),
('6022110008', '4', 'นัฐกานต์', 'ศรีนาค', '60221115'),
('6022110010', '4', 'เกษกนก', 'แจ้งประจักษ์', '60221115'),
('6022110011', '4', 'ปณิดา', 'วิทยา', '60221115'),
('6022110017', '3', 'กิตติพงศ์', 'สุขสุวรรณ', '60221115'),
('6022110018', '2', 'เกริกเกียรติ', 'เอี่ยมเงิน', '60221115'),
('6022110019', '3', 'คันธวัฒน์', 'เกียรติกุล', '60221115'),
('6022110022', '3', 'ชนกพันธุ์', 'สัญนาค', '60221115'),
('6022110036', '2', 'ปริญญา', 'เชื้ออ่าว', '60221115'),
('6022110042', '3', 'วาธิณี', 'บัวทอง', '60221116'),
('6022110047', '3', 'สุพิชชา', 'เพียรธัญกร', '60221116'),
('6022110049', '3', 'อรพรรณ', 'พลอยเล็ก', '60221116'),
('6022110050', '3', 'อรรถชัย', 'เอี่ยมสำอางค์', '60221116'),
('6022110052', '4', 'อวัสดา', 'รัตติเจษฎา', '60221121'),
('6022110057', '3', 'ภัทรพงษ์', 'คำนันดา', '60221121'),
('6022110064', '3', 'วรางคณา', 'หมอยา', '60221116'),
('6022110069', '3', 'ศิวกร', 'นาสืบ', '60221116'),
('6022110071', '3', 'ศุภสิทธิ์', 'พุกเจริญ', '60221121'),
('6022110073', '4', 'สุภัสสร', 'ศิริพรม', '60221116'),
('6022110074', '3', 'อครธน', 'มาเอี่ยม', '60221121'),
('6022110075', '3', 'อดิเทพ', 'โพธิ์เรือง', '60221121'),
('6022110080', '3', 'ชุติพนธ์', 'สวัสดิ์สาย', '60221115'),
('6022110081', '2', 'ชัยวัฒน์', 'สินวงศ์', '60221115'),
('6022110082', '3', 'หยกทิพย์', 'บัวบาน', '60221116'),
('6022110083', '4', 'ขวัญฤทัย', 'แซ่สง', '60221120'),
('6022110085', '4', 'ศุภธิดา', 'จังพินิจกุล', '60221120'),
('6022110086', '4', 'งามศิริ', 'แซ่ม้า', '60221120'),
('6022110087', '4', 'วิชิดา', 'จรัสธรรมคุณ', '60221120'),
('6022110088', '3', 'วัทนพร', 'แซ่ว้าน', '60221120'),
('6022110089', '3', 'ทองดี', 'แซ่ว่าง', '60221120'),
('6022110090', '2', 'วีรภัทร', 'แซ่เฒ่า', '60221120'),
('6022110092', '3', 'ณัชพล', 'ท้าวสุวรรณกุล', '60221120'),
('6022110093', '3', 'ณัฐวุฒิ', 'วื่อปรัชญากุล', '60221120'),
('6022110094', '4', 'ศตนันทน์', 'โตเสรีกูล', '60221120'),
('6022110099', '3', 'วิกรม', 'แซ่ว่าง', '60221120'),
('6022120001', '3', 'ศุภกร', 'ทองเนื้อแปด', '60221213'),
('6022120002', '3', 'คุณานนท์', 'ภคสกุลพาณิชย์', '60221213'),
('6022120003', '4', 'ปุณยวีร์', 'นิธิวรนิรันดร์', '60221213'),
('6022120004', '4', 'วิลาวรรณ', 'ทวีแสง', '60221213'),
('6022120005', '3', 'จิรนันท์', 'บุญเผือก', '60221213'),
('6022120006', '4', 'ชญาดา', 'แก้วศรีนวม', '60221213'),
('6022120007', '4', 'ชาคริยา', 'จันทร์บัญฑิตย์', '60221213'),
('6022120008', '3', 'ชิดชนก', 'จวงจันทร์', '60221213'),
('6022120009', '4', 'ญารินดา', 'นุดไน', '60221213'),
('6022120010', '4', 'ณัฐนรี', 'ปักกาโส', '60221213'),
('6022120011', '4', 'ณัฐพร', 'หมู่ศิริ', '60221213'),
('6022120012', '4', 'ณันธกาญจน์', 'แย้มงาม', '60221213'),
('6022120015', '3', 'ธนายุต', 'เดชอุดม', '60221213'),
('6022120016', '4', 'ธาริณี', 'จันทร์เปีย', '60221213'),
('6022120017', '4', 'สริญา', 'ชูเมือง', '60221213'),
('6022120018', '4', 'นริษา', 'ทองขยาย', '60221213'),
('6022120020', '4', 'เนตรชนก', 'เหรียญทอง', '60221213'),
('6022120021', '4', 'เนตรนภิส', 'บุญญเมธี', '60221213'),
('6022120022', '4', 'พชรนันท์', 'เอี่ยมสุข', '60221213'),
('6022120023', '4', 'ปรารถนา', 'ฤทธิเดช', '60221213'),
('6022120025', '4', 'สุธิตา', 'ชัยวงค์', '60221214'),
('6022120027', '4', 'พรนภัส', 'พูลเกษ', '60221214'),
('6022120028', '3', 'กฤตพัฒน์', 'คำบุดดา', '60221213'),
('6022120029', '4', 'จิณชญา', 'วรรณกนก', '60221214'),
('6022120030', '4', 'ธิษณา', 'จงอติเรกลาภ', '60221214'),
('6022120032', '4', 'พรรณธิภา', 'โนนทิง', '60221214'),
('6022120033', '4', 'พัชรีพร', 'โคตรวงศ์', '60221214'),
('6022120034', '4', 'เพชรรัตน์', 'ศิริบรรจง', '60221213'),
('6022120035', 'น', 'ภัคธีมา', 'จงจิตสำราญ', '60221214'),
('6022120037', '4', 'มนัสวี', 'พลพงษ์', '60221213'),
('6022120038', '4', 'รัชฎาภรณ์', 'มลสุวรรณ', '60221214'),
('6022120039', '3', 'ปิยรัตน์', 'คำเจริญ', '60221213'),
('6022120041', '4', 'สุประภาพร', 'คงจันทร์', '60221214'),
('6022120042', '4', 'สุพิชญา', 'บุตรเพชร', '60221214'),
('6022120047', '4', 'สุจิราพร', 'ศรีสุข', '60221214'),
('6022120050', '4', 'ทิราภรณ์', 'ศรีสร้อย', '60221213'),
('6022120051', '3', 'จิรพัฒน์', 'เชาว์นิติกร', '60221213'),
('6022120052', '4', 'นริศรา', 'พูลสวัสดิ์', '60221213'),
('6022120053', '3', 'อารียา', 'เพ็งแจ่ม', '60221213'),
('6022120054', '3', 'กชกร', 'ใจสถาน', '60221213'),
('6027010001', '4', 'มณทิพย์', 'บุญช่วย', '60270117'),
('6027010002', '3', 'จิรทีปต์', 'วงษ์สำราญ', '60270117'),
('6027010003', '4', 'ชนิสรา', 'ยุติธรรม', '60270117'),
('6027010004', '4', 'ชิดชนก', 'ยิ้มวิลัย', '60270117'),
('6027010005', '4', 'ดารารัตน์', 'สีทน', '60270117'),
('6027010006', '3', 'ทศวรรธ', 'อรัญภูมิ', '60270117'),
('6027010007', '4', 'ทิพย์วิภา', 'ตามสีรัมย์', '60270117'),
('6027010009', '3', 'นรภัทร', 'เยื่อใย', '60270117'),
('6027010010', '4', 'นฤนันท์', 'ตาปนานนท์', '60270117'),
('6027010013', '4', 'เบญจมาศ', 'ปาสาวัน', '60270117'),
('6027010014', '3', 'ปฐพล', 'โมลา', '60270117'),
('6027010015', '4', 'ปภาดา', 'สุนทราวาณิชย์', '60270117'),
('6027010016', '4', 'พันพัสสา', 'ผ่องแผ้ว', '60270117'),
('6027010017', '4', 'อารยา', 'ประสาททอง', '60270117'),
('6027010018', '4', 'เพ็ญพิชชา', 'เป้าฟัก', '60270117'),
('6027010019', '4', 'พิณประภาพร', 'สุวรรณเพชร', '60270117'),
('6027010020', '4', 'สุรัตนา', 'ดีมั่น', '60270117'),
('6027010021', '4', 'รุจิรา', 'บุญเพ็ชรัตน์', '60270117'),
('6027010022', '4', 'วาสนา', 'นุชนนท์', '60270117'),
('6027010023', '3', 'สุทธิวัฒน์', 'ประทุมมี', '60270117'),
('6027010024', '4', 'มาริสา', 'เจริญไช', '60270118'),
('6027010025', '4', 'ยอดพธู', 'วันดี', '60270118'),
('6027010026', '4', 'รุ่งราตรี', 'แสงทวี', '60270118'),
('6027010027', '3', 'เรืองวุฒ', 'มะโนมูล', '60270118'),
('6027010029', '4', 'ลักขณา', 'เจ๊กหนู', '60270118'),
('6027010030', '4', 'นารากร', 'อาภาสุนทรกุล', '60270118'),
('6027010031', '4', 'วรรณิกา', 'มั่งคั่ง', '60270118'),
('6027010035', '4', 'สุตาภัทร', 'ลีลาธนพงศ์พันธุ์', '60270118'),
('6027010036', '4', 'สุภาภรณ์', 'อดิสัย', '60270118'),
('6027010037', '3', 'อภิวัฒน์', 'อินทรนุกูล', '60270118'),
('6027010039', '4', 'สิริรัตน์', 'มอแลกู่', '60270118'),
('6027010040', '4', 'อาภัสรา', 'แก้วบุตร', '60270118'),
('6027010041', '3', 'ลลิตพรรณ', 'ภู่ห้อย', '60270118'),
('6027010042', '4', 'กุสุมา', 'สังข์รอด', '60270118'),
('6027010044', '4', 'ณัฐริกา', 'ทรงศิริ', '60270118'),
('6032023009', '4', 'โชติมณี', 'เจริญผล', '60320201'),
('6032023051', '3', 'อธิพงษ์', 'วงศ์สาย', '60320202'),
('6032023075', '4', 'สุวิมล', 'ร้อยทุย', '60320203'),
('6032119507', '4', 'วิจิตรา', 'อ้วนจี', '60321101'),
('6032156001', '4', 'กุลธิดา', 'กลิ่นจันทร์กลั่น', '60321501'),
('6032156039', '3', 'สุทัศน์', 'ชุมชน', '60321501'),
('6032156040', '3', 'อภิวัฒน์', 'กิ่งก้าน', '60321502'),
('6122010001', '4', 'กฤษณา', 'อินทร์จ้อย', '61220101'),
('6122010002', '4', 'ฐิติมา', 'สาวนายน', '61220101'),
('6122010003', '4', 'ปิยธิดา', 'ชาติแดง', '61220105'),
('6122010004', '4', 'เมทินี', 'เมฆลอย', '61220101'),
('6122010005', '4', 'อารีรัตน์', 'เจริญผล', '61220101'),
('6122010006', '3', 'เอกลักษณ์', 'ตู้นิลจินดา', '61220101'),
('6122010007', '4', 'ณิชา', 'บีดิลและ', '61220101'),
('6122010008', '4', 'สมมนัส', 'หาญรบ', '61220101'),
('6122010009', '4', 'เบญจพร', 'เพ่งพิศ', '61220101'),
('6122010010', '4', 'ศิริพร', 'แซ่อื้อ', '61220101'),
('6122010011', '4', 'พัชรีพร', 'สุขขี', '61220101'),
('6122010012', '4', 'โสพร', 'เจริญยิ่ง', '61220101'),
('6122010013', '4', 'ธัญญารัตน์', 'พรุ่มดี', '61220101'),
('6122010015', '4', 'ทัศวรรณ', 'พูลสวัสดิ์', '61220101'),
('6122010016', '3', 'วิภาวรรณ', 'สลีบุญชื่น', '61220101'),
('6122010017', '4', 'ณัฐติกานต์', 'ปะกะทานัง', '61220101'),
('6122010019', '4', 'ทัศนีกรณ์', 'ขาวปลอด', '61220105'),
('6122010020', '3', 'ธนกฤต', 'แซ่ลิ้ม', '61220101'),
('6122010022', '4', 'ยลลดา', 'โอสถศรี', '61220101'),
('6122010023', '4', 'ปรินดา', 'แผงศรี', '61220101'),
('6122010024', '4', 'สิริกร', 'หว้ามุข', '61220101'),
('6122010025', '4', 'มณีรินทร์', 'หว้ามุข', '61220101'),
('6122010026', '4', 'รัตติกาล', 'นิลปานันท์', '61220101'),
('6122010027', '4', 'พิสมัย', 'บุญเลิศ', '61220101'),
('6122010028', '4', 'นันทพร', 'พึ่งทอง', '61220101'),
('6122010029', '3', 'หทัยรัตน์', 'นาคเกษม', '61220101'),
('6122010030', '3', 'กฤษณา', 'รุ่งโรจน์', '61220101'),
('6122010031', '4', 'พิมพ์พร', 'ดีคง', '61220101'),
('6122010032', '4', 'อรนลิน', 'เหมือนเดช', '61220101'),
('6122010033', '3', 'นฤมล', 'กะอาจ', '61220101'),
('6122010034', '3', 'พิรวิชญ์', 'คริบสงวน', '61220101'),
('6122010035', '3', 'พรทิพย์', 'เกณสาคู', '61220101'),
('6122010036', '2', 'ธันวา', 'แสงใน', '61220101'),
('6122010037', '4', 'นัฐญาพร', 'บุญศัพท์', '61220105'),
('6122010038', '4', 'ดารารัตน์', 'วังสระ', '61220101'),
('6122010039', '4', 'กชวรรณ', 'นุ่มน้อย', '61220101'),
('6122010040', '4', 'ขรินทร์ทิพย์', 'เกิดกลิ่นหอม', '61220101'),
('6122010041', '3', 'รัศมี', 'เขียวหอม', '61220102'),
('6122010042', '3', 'จิรนันท์', 'จัตุรภูมิ', '61220102'),
('6122010043', '3', 'วริศศรา', 'แสงใส', '61220102'),
('6122010044', '2', 'อานนท์', 'อังคะพนมไพร', '61220102'),
('6122010045', '3', 'อลิศา', 'บินมายิต', '61220102'),
('6122010046', '3', 'วนิดา', 'ช่วยแล้ว', '61220102'),
('6122010047', '3', 'วีรยา', 'บุญวิวัฒน์', '61220102'),
('6122010048', '3', 'อริสรา', 'ประสิทธิกุล', '61220102'),
('6122010049', '3', 'นงลักษณ์', 'วิทยาลัย', '61220102'),
('6122010050', '3', 'วรนุช', 'อุ่นอิน', '61220102'),
('6122010051', '3', 'วรวรรณ', 'เศรษฐบุตร', '61220102'),
('6122010052', '4', 'เนตรนภา', 'คล้ายจันทร์', '61220102'),
('6122010055', '3', 'จิตรานุช', 'ล้วนประพันธ์', '61220102'),
('6122010056', '3', 'ปัทมาพร', 'ดีติกรณ์', '61220102'),
('6122010057', '3', 'พลอยชมพู', 'ขาวสวัสดิ์', '61220102'),
('6122010059', '3', 'พรไพลิน', 'ชัยยัญโต', '61220102'),
('6122010060', '3', 'มธุรดา', 'ไชยสงค์', '61220102'),
('6122010061', '3', 'ธนพร', 'จริตน้อม', '61220102'),
('6122010062', '3', 'ณชพล', 'สิทธิบุญ', '61220105'),
('6122010063', '3', 'กนกวรรณ', 'สมพงษ์', '61220102'),
('6122010064', '3', 'จีรพันธ์', 'คงสุจริต', '61220102'),
('6122010065', '3', 'นพรัตน์', 'ขจรจิตร์จรุง', '61220102'),
('6122010066', '3', 'กัญญารัตน์', 'ผาทองกาญจน์', '61220102'),
('6122010068', '3', 'กุลธิดา', 'จรกา', '61220102'),
('6122010069', '3', 'สริญญา', 'ติณมาศ', '61220102'),
('6122010070', '3', 'วารุณี', 'รู้บุญ', '61220102'),
('6122010071', '3', 'ทิพยารัตน์', 'ใจกล้า', '61220102'),
('6122010072', '3', 'จุฬารัตน์', 'เป็งวัน', '61220102'),
('6122010073', '3', 'วรรณิดา', 'อรุณฉาย', '61220102'),
('6122010074', '3', 'พลวิวัฒน์', 'สินคล่องเเคล่ว', '61220103'),
('6122010075', '3', 'ศุภิสรา', 'เกิดบัว', '61220102'),
('6122010078', '3', 'นาเดีย', 'มารอบี', '61220102'),
('6122010079', '3', 'วันธมาศ', 'ไม่ปรากฎนามสกุล', '61220102'),
('6122010080', '3', 'วราภรณ์', 'ฮาดดา', '61220102'),
('6122010081', '4', 'ปาริตตา', 'จันโททัย', '61220101'),
('6122010082', '4', 'นันทกานต์', 'คุ้มถิ่นแก้ว', '61220103'),
('6122010083', '4', 'ณิชา', 'ไพรเสนา', '61220103'),
('6122010084', '4', 'กชพร', 'ศรีตะวัน', '61220103'),
('6122010085', '4', 'อริส', 'นรินทร์', '61220103'),
('6122010086', '4', 'ณัฐวรา', 'แสนคำ', '61220103'),
('6122010087', '4', 'อิงอร', 'อะโน', '61220103'),
('6122010088', '2', 'สุเมธ', 'วรรณอุดม', '61220103'),
('6122010089', '3', 'วรพงศ์', 'กองสุข', '61220103'),
('6122010090', '4', 'สุชาดา', 'สอนสิงห์', '61220103'),
('6122010091', '4', 'ปิยภัทร', 'ทรัพย์อักษรศิริ', '61220103'),
('6122010093', '4', 'ปิยวรรณ', 'ก๋งมีประเสริฐ', '61220103'),
('6122010095', '4', 'ปริญญา', 'แสนลคร', '61220103'),
('6122010096', '4', 'เฑียรมณี', 'จิ้มลิ้ม', '61220103'),
('6122010097', '3', 'วัชรินทร์', 'โพธิ์โชติ', '61220103'),
('6122010098', '4', 'นันท์นภัส', 'วิเชียรพงษ์', '61220103'),
('6122010099', '3', 'วัชรพล', 'บุญประเสริฐ', '61220103'),
('6122010100', '4', 'สิริภรณ์', 'พึ่งพุทธ', '61220103'),
('6122010102', '4', 'นลินพร', 'สาครเย็น', '61220103'),
('6122010103', '4', 'อรอนงค์', 'สิทธิชัย', '61220103'),
('6122010104', '4', 'รัฐนันท์', 'ทองเงิน', '61220103'),
('6122010105', '4', 'อภิชญา', 'รักษาภักดี', '61220103'),
('6122010106', '4', 'พิมพรรณ', 'ศุภโคตร', '61220103'),
('6122010107', '3', 'เบญจมาภรณ์', 'สิทธิพวง', '61220103'),
('6122010108', '3', 'สหรัถ', 'สุขทาน', '61220103'),
('6122010109', '4', 'อารยา', 'ตะภา', '61220103'),
('6122010113', '4', 'นภาลัย', 'ปัญจนา', '61220103'),
('6122010114', '4', 'พัณณ์ชิดา', 'ยศชู', '61220103'),
('6122010116', '4', 'ขวัญจิรา', 'สิงห์ชัย', '61220103'),
('6122010117', '4', 'นลินทิพย์', 'เมืองศักดา', '61220103'),
('6122010118', '4', 'เมทนี', 'แพงแพน', '61220103'),
('6122010119', '4', 'อ้อนทอง', 'แก้วตระกูลโชติ', '61220103'),
('6122010121', '4', 'สุภาพร', 'เจริญดี', '61220103'),
('6122010122', '4', 'มาริสา', 'ศิลาบำเพ็ญ', '61220104'),
('6122010123', '4', 'สาริกา', 'จอมแปงทา', '61220104'),
('6122010124', '3', 'อรัญญา', 'บุญสิทธิ์', '61220104'),
('6122010125', '4', 'กาญจนา', 'ธูปหอม', '61220104'),
('6122010126', '4', 'ณัชชา', 'ปทีปกมล', '61220104'),
('6122010127', '4', 'ดาราวรรณ', 'สีมี', '61220104'),
('6122010128', '4', 'ศศิภา', 'อัมรนันท์', '61220104'),
('6122010129', '4', 'นิศากร', 'นภาคเวช', '61220104'),
('6122010130', '3', 'นูรอัยนี', 'รอฟียะ', '61220104'),
('6122010131', '4', 'สุกัญญา', 'กลีบมะลิ', '61220104'),
('6122010132', '4', 'กุลณภัทร', 'รอดภัย', '61220104'),
('6122010133', '4', 'ทอปัด', 'ภิญญาวราเมธ', '61220104'),
('6122010134', '4', 'นัทติยา', 'จันทร์งาม', '61220104'),
('6122010135', '4', 'ชนัญชิดา', 'อินทร์พินิจ', '61220104'),
('6122010136', '4', 'พรศรัญณ์', 'แท่นศรีเจริญ', '61220104'),
('6122010137', '4', 'ภนิดา', 'ช่วยค้ำชู', '61220104'),
('6122010139', '3', 'นฤภร', 'อุปโคต', '61220104'),
('6122010140', '4', 'ปภาดา', 'วงณะลา', '61220104'),
('6122010141', '4', 'วรัญคนา', 'โรมปรปักษ์', '61220104'),
('6122010142', '4', 'สุกัญญา', 'นาคน้อย', '61220104'),
('6122010143', '4', 'ปทิตตา', 'ทวีสิงห์', '61220104'),
('6122010144', '4', 'อพัชชา', 'ขุนเณร', '61220104'),
('6122010145', '4', 'ธิดารัตน์', 'อ่อนดี', '61220104'),
('6122010147', '3', 'ณัฐนนท์', 'โวหาญคล่อง', '61220104'),
('6122010148', '4', 'เปรมวดี', 'จันทร์ทอง', '61220104'),
('6122010149', '4', 'อรณิชา', 'ไชยชิต', '61220104'),
('6122010150', '4', 'พรไพลิน', 'ดอนหลาบคำ', '61220104'),
('6122010151', '4', 'อภิญญา', 'ศรีกุล', '61220104'),
('6122010154', '3', 'ทศพร', 'ประพันธา', '61220104'),
('6122010155', '3', 'สุทธิกานต์', 'จันทร์หอม', '61220104'),
('6122010156', '4', 'ศิริวรรณ', 'ก่อบุญ', '61220104'),
('6122010157', '4', 'ฐิติมา', 'ขุนตาล', '61220104'),
('6122010158', '4', 'สุภาพร', 'นุชประเเสริฐ', '61220104'),
('6122010160', '4', 'ศิริพร', 'อินต๊ะ', '61220104'),
('6122010162', '4', 'ฐนัชชา', 'อันไธสงค์', '61220101'),
('6122010163', '4', 'เนตรดาว', 'บุดสี', '61220105'),
('6122010164', '4', 'ศุภนิษฐ์', 'ขยันประเสริฐ', '61220105'),
('6122010166', '4', 'ไอรินทร์', 'ธนนันท์ติพงษ์', '61220105'),
('6122010167', '4', 'นงเยาว์', 'บัวคำ', '61220105'),
('6122010168', '3', 'สุภัทธา', 'ทรัพย์ชูงาม', '61220105'),
('6122010169', '3', 'ณัฐชา', 'อามาตย์มนตรี', '61220105'),
('6122010170', '3', 'บุษราคัม', 'โพธิดะนุช', '61220105'),
('6122010171', '4', 'ดวงฤดี', 'เหลืองวิเศษรัตน์', '61220105'),
('6122010172', '4', 'ศิริลักษณ์', 'ฉัตรพรมราช', '61220105'),
('6122010173', '3', 'ศุภวิชญ์', 'บุบผาพวง', '61220105'),
('6122010174', '4', 'สโรชา', 'บุญยงค์', '61220105'),
('6122010175', '4', 'ณัฐสุดา', 'ยินดีภพ', '61220105'),
('6122010176', '3', 'ปรเมษฐ์', 'ชนะมิตร', '61220105'),
('6122010177', '4', 'บุษกร', 'ศรีคำตำบล', '61220105'),
('6122010178', '4', 'พัชรีพรรณ', 'พะวงแจ้ง', '61220105'),
('6122010179', '4', 'อัจฉรา', 'เหล่ามาลา', '61220105'),
('6122010181', '4', 'ชลธิชา', 'อุ่นอารมณ์', '61220105'),
('6122010182', '4', 'กัลยกานต์', 'ทองอยู่', '61220105'),
('6122010184', '4', 'กุลธิดา', 'พิมพ์วรรณา', '61220105'),
('6122010185', '4', 'รินรดา', 'วิวัฒน์วิทยา', '61220105'),
('6122010188', '4', 'สุกัญญารัตน์', 'ทองสุข', '61220105'),
('6122010189', '3', 'วงศพัทธ์', 'อินทร์จันทร์', '61220105'),
('6122010192', '4', 'ประภาศิริ', 'กลอนกลาง', '61220106'),
('6122010193', '4', 'ธิญาดา', 'ชอบสว่าง', '61220106'),
('6122010194', '4', 'ปราญชลี', 'ดุริยะพันธ์', '61220106'),
('6122010195', '4', 'กัญญาพัชร', 'ขวาไทย', '61220106'),
('6122010197', '4', 'พรหมพร', 'ตปาคม', '61220106'),
('6122010199', '4', 'พวงจันทร์', 'สกุลบัวงาม', '61220106'),
('6122010200', '4', 'อาณิตญา', 'จันทบุรี', '61220106'),
('6122010201', '4', 'นิชกานต์', 'ประเสริฐจินดา', '61220106'),
('6122010202', '4', 'ดรุณี', 'ติยาภักดิ์', '61220106'),
('6122010203', '4', 'รัตนาวดี', 'ดวงคำจันทร์', '61220106'),
('6122010204', '4', 'อรวรรณ', 'ประเสริฐชนะชัย', '61220106'),
('6122010208', '4', 'อริศรา', 'สุมาลี', '61220106'),
('6122010210', '4', 'ธาริณี', 'โพธิ์โต', '61220106'),
('6122010211', '4', 'กุลธิดา', 'พึ่งผูก', '61220106'),
('6122010212', '4', 'ปนัดดา', 'แบนคล้าย', '61220106'),
('6122010213', '4', 'สุภาคินี', 'จันทาทุม', '61220106'),
('6122010214', '4', 'อรวรรณ', 'สระทอง', '61220106'),
('6122010216', '3', 'สิทธิศักดิ์', 'วงศ์ชมภู', '61220106'),
('6122010217', '4', 'นันทิชา', 'เพลียขุนทด', '61220106'),
('6122010218', '4', 'ไอรดา', 'โสภี', '61220106'),
('6122010219', '4', 'จิดาภา', 'นามวิชา', '61220106'),
('6122010220', '4', 'ธนาภรณ์', 'ดวงคำบุตร', '61220106'),
('6122010221', '3', 'มุฑิตา', 'วงษ์ทองดี', '61220106'),
('6122010222', '4', 'สโรชา', 'ดวงวิไล', '61220106'),
('6122010224', '3', 'ฟาริดา', 'พุฒหอม', '61220106'),
('6122010225', '4', 'วรนุช', 'ประจงบัว', '61220106'),
('6122010226', '4', 'กมลชนก', 'วรสาร', '61220106'),
('6122010227', '4', 'ยุพาภรณ์', 'ศรีนอก', '61220106'),
('6122010229', '3', 'กีรติ', 'ฉายาภักดี', '61220106'),
('6122010230', '3', 'อรรัมภา', 'เกตุเพ็ชร', '61220106'),
('6122010231', '3', 'ธนภัทร', 'กระแสโท', '61220106'),
('6122010233', '4', 'ตติยา', 'พุธศรี', '61220105'),
('6122010234', '4', 'คนึงนิตย์', 'สิงห์สถิตย์', '61220106'),
('6122010235', '4', 'ชญาดา', 'สุเทพากุล', '61220103'),
('6122010236', '4', 'รุ้งตะวัน', 'วิเศษดี', '61220103'),
('6122010237', '4', 'ปนัดดา', 'ฤทธิเดช', '61220103'),
('6122010238', '4', 'แพรวรุ่ง', 'ศรีทอง', '61220102'),
('6122010239', '3', 'นนทกร', 'ชัยชมภู', '61220103'),
('6122020001', '4', 'วารีดา', 'พิศรูปพรรณ์', '61220201'),
('6122020003', '4', 'ณัฐธิดา', 'ยศปัญญา', '61220201'),
('6122020004', '3', 'ฤทธิกร', 'ศุกรภาศ', '61220201'),
('6122020005', '4', 'กัญญารัตน์', 'แสงเพิง', '61220201'),
('6122020006', '4', 'เยาวเรศ', 'พรมจันทร์', '61220201'),
('6122020007', '3', 'ธงชัย', 'แซ่โค้ว', '61220201'),
('6122020008', '4', 'สาวิตรี', 'เข็มทอง', '61220201'),
('6122020009', '4', 'อสมา', 'เหล็กแดง', '61220201'),
('6122020012', '4', 'นฤมล', 'แสงเงิน', '61220201'),
('6122020013', '3', 'นัฐพล', 'อุส่าห์', '61220201'),
('6122020014', '3', 'พงศธร', 'พุทธารัตน์', '61220201'),
('6122020015', '4', 'อินทิรา', 'ศรีสุภะ', '61220201'),
('6122020016', '4', 'สลิลทิพย์', 'บัวดารา', '61220201'),
('6122020017', '4', 'ศิรินทิพย์', 'อินมา', '61220201'),
('6122020018', '4', 'ณภัทร', 'สูนไธสง', '61220201'),
('6122020019', '4', 'จิดาภา', 'ถมทอง', '61220201'),
('6122020020', '4', 'ชลนิชา', 'ช่างเรือนกุล', '61220201'),
('6122020021', '4', 'ณัฎฐา', 'ครุธเจริญ', '61220201'),
('6122020022', '4', 'กวินทิพย์', 'กล้าหาญ', '61220201'),
('6122020023', '4', 'นิศามณี', 'ทิพยวัฒน์', '61220201'),
('6122020024', '4', 'จิตรี', 'ไชยสงค์', '61220201'),
('6122020025', '3', 'กรกมล', 'บรรณโคต', '61220201'),
('6122020026', '3', 'ปัณณวิชญ์', 'สินวัชรพิทักษ์', '61220201'),
('6122020027', '4', 'นิฐิกานต์', 'ทัสนา', '61220201'),
('6122020028', '3', 'ปริติภัทร', 'รักษ์ศาสนา', '61220201'),
('6122020033', '3', 'พีรภัทร', 'อยู่เจริญ', '61220201'),
('6122020034', '3', 'ภาคิน', 'ภักดีธนวัต', '61220201'),
('6122020035', '3', 'อนุภัทร', 'พวงพันธ์', '61220201'),
('6122020036', '4', 'พัชราวรรณ', 'ประสมเพชร', '61220201'),
('6122020038', '3', 'พงศกร', 'น้ำแก้ว', '61220201'),
('6122020039', '4', 'ศิริลักษณ์', 'ตุ่มใสย์', '61220201'),
('6122020040', '4', 'นัยรัตน์', 'ไชยะ', '61220201'),
('6122020041', '2', 'กานต์', 'สิงห์ทอง', '61220202'),
('6122020042', '3', 'ภาณุวิชญ์', 'คำคู', '61220202'),
('6122020045', '4', 'จิราพร', 'คงชูศรี', '61220202'),
('6122020046', '4', 'กัญยาณี', 'เครือสัยญาติ', '61220202'),
('6122020049', '4', 'ขวัญพัฒน์', 'กาญจน์ณราวุฒิ', '61220202'),
('6122020053', '3', 'กชกร', 'โอเจริญ', '61220202'),
('6122020054', '3', 'สิรดนัย', 'แสงอรุณ', '61220202'),
('6122020055', '4', 'บุษยา', 'สังลาว', '61220202'),
('6122020057', '3', 'นันทวัฒน์', 'ใจอารีย์', '61220202'),
('6122020058', '4', 'สิริยากร', 'โปสัยะคุปต์', '61220202'),
('6122020059', '4', 'ขวัญจิรา', 'ส่งเสริม', '61220202'),
('6122020060', '4', 'สิตานัน', 'วงษ์ไทยเจริญ', '61220202'),
('6122020061', '3', 'ชุติพนธ์', 'บุญนาค', '61220202'),
('6122020062', '4', 'ชวลักษณ์', 'นาสิงขัน', '61220202'),
('6122020065', '4', 'ณัฐชา', 'ชัยอำพล', '61220202'),
('6122020069', '3', 'ชมชนก', 'อยู่นุช', '61220202'),
('6122020070', '4', 'ชนิกานต์', 'บัวขาว', '61220202'),
('6122020071', '4', 'แพรทราย', 'ศรีสินธุ์', '61220202'),
('6122020072', '4', 'ชลธิชา', 'กุลโชติ', '61220202'),
('6122020073', '4', 'ปฑิตตา', 'สุระเกตุ', '61220202'),
('6122020074', '4', 'วนิตา', 'แสวงสุข', '61220202'),
('6122020077', '3', 'ธนภัศร์', 'พีระประสมพงศ์', '61220202'),
('6122020081', '3', 'ธนวัฒน์', 'จอมใจ', '61220203'),
('6122020082', '3', 'เสกสิน', 'เสกสุวรรณ', '61220203'),
('6122020083', '4', 'อริศรา', 'ตาดต่าย', '61220203'),
('6122020084', '4', 'กิรติกา', 'หนูเนียม', '61220203'),
('6122020086', '4', 'อรัญญา', 'คัดชา', '61220203'),
('6122020089', '4', 'อารียา', 'สายธนู', '61220203'),
('6122020090', '4', 'พัชนิดา', 'ศรีแก้ว', '61220203'),
('6122020091', '4', 'ชนาภา', 'วิชาชัย', '61220203'),
('6122020093', '4', 'อนันดา', 'เลื่อนสุขสันต์', '61220203'),
('6122020094', '4', 'ธัญวรินทร์', 'ประเสริฐสังข์', '61220203'),
('6122020096', '4', 'ภรณ์ภัทร', 'เสถียรรัตน์', '61220203'),
('6122020097', '4', 'สิริวรรณ', 'สีหะนาม', '61220203'),
('6122020101', '3', 'กฤษณา', 'เจริญพรตระกูล', '61220203'),
('6122020102', '4', 'นันธิชา', 'แสงเงิน', '61220203'),
('6122020106', '4', 'ศศิพิมพ์', 'ช้อยชด', '61220203'),
('6122020109', '4', 'พรทิพย์', 'ตั้งพิพัฒนกุล', '61220203'),
('6122020112', '4', 'ญาณิศา', 'จรครบุรี', '61220203'),
('6122020113', '4', 'อภัสรา', 'แก้วฉิม', '61220203'),
('6122020114', '4', 'ไอลดา', 'วันทุมา', '61220203'),
('6122020116', '4', 'กฤติมา', 'สุขเกษม', '61220203'),
('6122020117', '4', 'ศิริลักษณ์', 'สว่างจิตต์', '61220203'),
('6122020118', '4', 'นัฐกาญต์', 'เพ็งสระเกษ', '61220203'),
('6122020120', '4', 'อารียา', 'ค้าผล', '61220203'),
('6122020121', '3', 'ภัทรานิษฐ์', 'รสจันทร์', '61220202'),
('6122020122', '4', 'ณัฏฐณิชา', 'ฝาระมี', '61220202'),
('6122020125', '4', 'นิธิวดี', 'สุขัมศรี', '61220202'),
('6122020128', '4', 'ชญาดา', 'บุญมาก', '61220202'),
('6122020129', '3', 'กรรณิกา', 'ทองอุย', '61220202'),
('6122020137', '4', 'ชลลัดดา', 'ประกอบผล', '61220202'),
('6122020144', '4', 'นาเดีย', 'โต๊ะมะ', '61220202'),
('6122020163', '4', 'อรัญญา', 'ธนุภพ', '61220201'),
('6122020164', '4', 'ภณิตา', 'นาคใหม่', '61220201'),
('6122020165', '3', 'นาคินทร์', 'นามคีรี', '61220203'),
('6122030002', '3', 'ปิยะชนก', 'เอี่ยมกลั่น', '61220301'),
('6122030003', '3', 'ภัคจิรา', 'ชื่นกลิ่น', '61220301'),
('6122030004', '3', 'พรชัย', 'รักมีศรี', '61220301'),
('6122030005', '3', 'โชติมา', 'เลิศเรืองปัญญวุฒิ', '61220301'),
('6122030008', '3', 'ประภัสสร', 'สุขแสง', '61220301'),
('6122030010', '3', 'อาทิตยา', 'วรรณรี', '61220301'),
('6122030011', '4', 'มัณฑนา', 'ขันติพงษ์', '61220301'),
('6122030012', '3', 'วิราภรณ์', 'อาจหาญ', '61220301'),
('6122030013', '4', 'จิฬาภรณ์', 'สะหุนันต์', '61220301'),
('6122030014', '3', 'รชานนท์', 'ฤทธิ์นุช', '61220301'),
('6122030017', '4', 'วิภาสิริ', 'หมอนสุวรรณ์', '61220301'),
('6122030018', '4', 'รังษิมา', 'บัวรอด', '61220301'),
('6122030020', '4', 'รุจิกาญจน์', 'ไตรรัตน์', '61220301'),
('6122030021', '4', 'อุษณียาภรณ์', 'อาสาคติ', '61220301'),
('6122030023', '4', 'จันทิมา', 'แซ่ตั้ง', '61220301'),
('6122030025', '3', 'อริญชัย', 'ตันฑกิจวัฒนะ', '61220301'),
('6122030029', '3', 'จิรเดช', 'ไพศาลศุภกร', '61220301'),
('6122030036', '4', 'พันธุ์วิษา', 'อินชูรัน', '61220301'),
('6122040001', '4', 'เมทินี', 'โปร่งจิต', '61220401'),
('6122040002', '4', 'อุมาวดี', 'กลึงพุดซา', '61220401'),
('6122040003', '4', 'สุธาวินี', 'ขาวอุบล', '61220401'),
('6122040004', '4', 'พิมพิกา', 'อินทัตสิงห์', '61220401'),
('6122040005', '4', 'นพวรรณ', 'เชื่อมทอง', '61220401'),
('6122040006', '3', 'วรเศรษฐ์', 'ภักดี', '61220401'),
('6122040007', '2', 'ธีรวัช', 'บานวิมล', '61220401'),
('6122040008', '2', 'เจษฎา', 'อ้นเบ้า', '61220401'),
('6122040009', '2', 'ยุทธนา', 'ศิริยามัน', '61220401'),
('6122040010', '3', 'นพัส', 'พลีดี', '61220401'),
('6122040011', '3', 'บูรพา', 'ซอหิรัญ', '61220401'),
('6122040012', '4', 'ปานระพี', 'ศรีประไหม', '61220401'),
('6122040013', '3', 'วชิรวิทย์', 'โชติช่วง', '61220401'),
('6122040016', '3', 'ศิวกร', 'พิกุลสวัสดิ์', '61220401'),
('6122040017', '4', 'ปวีณา', 'แซ่เลี่ยง', '61220401'),
('6122040019', '3', 'ปริวัฒน์', 'เขียวน้อย', '61220401'),
('6122040020', '4', 'พิชญาภา', 'แสงแก้ว', '61220401'),
('6122040021', '3', 'ชัยภัทร', 'บำรุงวัด', '61220401'),
('6122040023', '3', 'ทศกมล', 'อดุลยานภากุล', '61220401'),
('6122040025', '2', 'ณัฐวุฒิ', 'บุรีธาร', '61220401'),
('6122040026', '2', 'เอกชัยชาญ', 'เจริญผล', '61220401'),
('6122040027', '2', 'ณภัทร', 'สัทธะวิริยะพันธ์', '61220401'),
('6122040028', '3', 'มนัสวิน', 'สักกุ', '61220401'),
('6122040030', '3', 'รมิดา', 'แก้วนพเก้า', '61220401'),
('6122040031', '3', 'พัฒธรักษ์', 'สวัสดี', '61220401'),
('6122040032', '3', 'ปัญญาพล', 'สรแสดง', '61220401'),
('6122040033', '3', 'ณัฐรินทร์', 'วราพงษ์พานิช', '61220401'),
('6122040034', '3', 'อธิศ', 'สนธิรักษ์', '61220401'),
('6122040035', '3', 'สุธาสินี', 'โง่นทา', '61220401'),
('6122040036', '4', 'ศศิตะวัน', 'อัคชาติ', '61220401'),
('6122040037', '3', 'พฤทธิ์', 'พลนิกร', '61220401'),
('6122040038', '3', 'ภูตะวัน', 'แตงจาด', '61220401'),
('6122040039', '3', 'ธนภัทร', 'สุขเสน', '61220401'),
('6122040040', '3', 'ฐิติภัทร', 'เรืองบุตร', '61220401'),
('6122040041', '3', 'วัชรากร', 'สุนทรประสิทธิ์', '61220402'),
('6122040042', '4', 'ฑิฆัมพร', 'กันหกุล', '61220402'),
('6122040043', '3', 'กัลยกร', 'โสมาภา', '61220402'),
('6122040044', '4', 'ปิยรัตน์', 'โพธิ์เรือง', '61220402'),
('6122040046', '4', 'วรรณนเพ็ญ', 'ประชุมเกษร', '61220402'),
('6122040047', '4', 'วรรณนพร', 'ประชุมเกษร', '61220402'),
('6122040049', 'น', 'จามิกกรณ์', 'เปือยสี', '61220402'),
('6122040050', '4', 'สุธินันท์', 'เหลืองสด', '61220402'),
('6122040051', '3', 'จอมภพ', 'สีดอกไม้', '61220402'),
('6122040052', '3', 'กิตติทัต', 'นนทะศรี', '61220402'),
('6122040054', '3', 'สุทธิกานต์', 'เณรเอี่ยม', '61220402'),
('6122040056', '3', 'ศิรวัส', 'ศรีสุขพร้อม', '61220402'),
('6122040057', 'น', 'พีรทัต', 'จุปะมัดตัง', '61220402'),
('6122040058', '4', 'ญาดา', 'สอนสกุลวัฒน์', '61220402'),
('6122040059', '2', 'อริศรา', 'ช่วงวานิช', '61220402'),
('6122040062', '3', 'กฤติยา', 'สิทธิสีหา', '61220402'),
('6122040063', '4', 'นิรมล', 'ศรีณรงค์', '61220402'),
('6122040065', '2', 'กษิดิศ', 'เพ็ชรประสาน', '61220401'),
('6122040066', '3', 'พิมพ์นารา', 'ศรีโสภิต', '61220401'),
('6122040067', '3', 'ปฏิพล', 'อินทร์งาม', '61220402'),
('6122040068', '3', 'นิรันดร์วุฒิ', 'จารุชนะพงศ์ธร', '61220402'),
('6122040069', '3', 'ณัฐวุฒิ', 'โพธิ์คง', '61220402'),
('6122040070', '4', 'มานิตา', 'เพชรพันธุ์', '61220402'),
('6122040071', '3', 'พัชรพล', 'แสงปิน', '61220402'),
('6122040072', '3', 'ปนิธาน', 'โลมรัตน์', '61220402'),
('6122040073', '3', 'ศิวกร', 'สมิตวงศ์', '61220402'),
('6122040074', '3', 'พุฒิพงศ์', 'บุญนอก', '61220402'),
('6122040075', '4', 'วีรดา', 'อรัญแล', '61220402'),
('6122040076', '3', 'อุกฤษฏ์', 'ศรีจินดา', '61220402'),
('6122040078', '4', 'นันทนา', 'นันทา', '61220402'),
('6122040079', '3', 'ทวีศักดิ์ชัย', 'บุญประคอง', '61220402'),
('6122040080', '2', 'นิธิศ', 'ฤทธิตะมนต์', '61220402'),
('6122040081', '3', 'อชิระ', 'เพ็งแจ้ง', '61220402'),
('6122040082', '3', 'ศักดิ์ดา', 'นิลเพชร', '61220402'),
('6122040085', '3', 'เอกศิลป์', 'รังษี', '61220403'),
('6122040087', '4', 'วาสนา', 'ยำบ๊ะ', '61220403'),
('6122040088', '4', 'อิศรา', 'สุระดี', '61220403'),
('6122040089', '3', 'ธนกร', 'แซ่อึ้ง', '61220403'),
('6122040090', '3', 'มานะโชติ', 'แก้วฉลวย', '61220403'),
('6122040091', '3', 'ณัฐพงษ์', 'เฉลียวพงษ์', '61220403'),
('6122040092', '4', 'จารุวรรณ', 'ม่วงศรีทอง', '61220403'),
('6122040093', '3', 'นันทชิต', 'แสงจุ่น', '61220403'),
('6122040094', '4', 'สุพัฒน์ตรา', 'หอมโลก', '61220403'),
('6122040095', '3', 'ภูเบศ', 'ภาณสิทธิ์', '61220403'),
('6122040096', '4', 'ศิริวรรณ', 'ภูทองบ่อ', '61220403'),
('6122040097', '3', 'เจษฎา', 'ชอุ่มผล', '61220403'),
('6122040098', '3', 'ธีรศักดิ์', 'ภูสีนาค', '61220403'),
('6122040100', '3', 'ภูมิพัฒน์', 'นาราษฎร์', '61220403'),
('6122040101', '4', 'กัณฐิกา', 'วรรณสุด', '61220403'),
('6122040102', '3', 'กัมปนาท', 'สวิงชัย', '61220403'),
('6122040104', '2', 'สุรเกียรติ', 'ขุนทอง', '61220403'),
('6122040105', '2', 'ชนันธร', 'เกตุเฉลียว', '61220403'),
('6122040106', '3', 'สิทธิศักดิ์', 'จันศรี', '61220403'),
('6122040107', 'น', 'ธนพล', 'อุตมี', '61220403'),
('6122040110', '2', 'ศุภวิชญ์', 'บุญสนุน', '61220403'),
('6122040112', '3', 'ชิดชาดา', 'คำพิทูล', '61220403'),
('6122040113', '3', 'กิตติกร', 'อาตม์สกุล', '61220403'),
('6122040115', '4', 'ธิญาดา', 'หาวุฒิ', '61220403'),
('6122040116', '3', 'จักรวาล', 'ทองทวี', '61220403'),
('6122040117', '3', 'ทวีพล', 'จ้อยประสิทธิ์', '61220403'),
('6122040118', '4', 'สุธินันท์', 'จันทร์สุข', '61220403'),
('6122040121', '3', 'ศักรินทร์', 'สมจิตร', '61220403'),
('6122040122', '4', 'วรินยุพา', 'แตงไทย', '61220403'),
('6122040123', '4', 'ชุติกาญจน์', 'กีโดย', '61220403'),
('6122040124', '4', 'กุลธิดา', 'โสนามิตร', '61220403'),
('6122040125', '4', 'ชลิญญา', 'ช่วงชัย', '61220403'),
('6122040129', 'น', 'อินทร์ทิรา', 'อินทร์ม่วง', '61220404'),
('6122040130', '3', 'อุกฤษฏ์', 'ผลานิสงค์', '61220404'),
('6122040131', '3', 'ณรงศักดิ์', 'เพ็ชรนิล', '61220404'),
('6122040134', 'น', 'กัญญารัตน์', 'ขาวสะอาด', '61220404'),
('6122040135', 'น', 'ปิยะดา', 'แก้วปู่', '61220404'),
('6122040136', 'น', 'กัญญารัตน์', 'สังข์ทอง', '61220404'),
('6122040137', '4', 'มลิวัลย์', 'ไทยแป้น', '61220404'),
('6122040140', '2', 'ภัทรชนน', 'สารฤทธิ์', '61220404'),
('6122040141', '3', 'ศรุตา', 'พิมพ์บูลย์', '61220404'),
('6122040143', '2', 'จักรพรรดิ์', 'เหมียนเอียด', '61220404'),
('6122040144', 'น', 'เกรียงศักดิ์', 'มาลาศรี', '61220404'),
('6122040145', '3', 'วันชัย', 'เฉิดมนูเสถียร', '61220404'),
('6122040146', '3', 'วรรณิกา', 'จงสีหา', '61220404'),
('6122040147', 'น', 'ปิยธิดา', 'สารนอก', '61220404'),
('6122040148', '3', 'ปฏิภัทร', 'จันทร์สี่ทิศ', '61220404'),
('6122040149', '3', 'ธนพล', 'สันติเวส', '61220404'),
('6122040153', '3', 'อมรเทพ', 'กรวยทอง', '61220404'),
('6122040155', 'น', 'ตระกูล', 'กรเกี่ยว', '61220404'),
('6122040156', 'น', 'อรนภา', 'จุฑาไทย', '61220404'),
('6122040157', 'น', 'ศิริพร', 'ทองทรัพย์', '61220404'),
('6122040160', '2', 'อภินันท์', 'ใจซื่อ', '61220404'),
('6122040163', '3', 'สนธยา', 'สุกแก้ว', '61220404'),
('6122040165', 'น', 'จิราภา', 'ประคองทรัพย์', '61220404'),
('6122040168', 'น', 'พงศธร', 'ตลับแก้ว', '61220404'),
('6122040169', '3', 'ชยุตม์', 'จำเริญ', '61220404'),
('6122040170', '4', 'กมลชนก', 'ทองหงษ์', '61220405'),
('6122040172', '4', 'อนันตญา', 'งามศิลป์', '61220405'),
('6122040174', '3', 'ชนาธิป', 'ประสานสงฆ์', '61220405'),
('6122040175', 'น', 'ธนรัตน์', 'กองจริต', '61220405'),
('6122040176', '3', 'เขตต์ตะวัน', 'ปูรณะวิบูรณ์', '61220405'),
('6122040178', '4', 'จิรภัทร์', 'เขียวสูงเนิน', '61220405'),
('6122040179', '2', 'นรเศรษฐ์', 'เสนาธรรม', '61220405'),
('6122040181', '3', 'นารา', 'วงศาเดช', '61220405'),
('6122040184', '2', 'คุณัชญ์', 'อุปการะกิจ', '61220405'),
('6122040185', '3', 'วิศิษฏ์', 'อเนกธนบูลย์', '61220405'),
('6122040186', '4', 'สุปริญญา', 'พินใหม่', '61220405'),
('6122040188', '4', 'ประพาฬรัตน์', 'แพะทอง', '61220405'),
('6122040189', '4', 'สุพัตรา', 'สรประเสริฐ', '61220405'),
('6122040190', '3', 'ยุทธนากร', 'มากขุนทด', '61220405'),
('6122040193', '3', 'ธนวัฒน์', 'พระสุพรรณ์', '61220405'),
('6122040194', '3', 'ปรมินทร์', 'โพธิ์จินดา', '61220405'),
('6122040197', '2', 'ศิลชกร', 'ศรพิทักษ์', '61220405'),
('6122040201', '3', 'บุณยสิทธิ์', 'คงคราญ', '61220405'),
('6122040202', '3', 'ธนกฤต', 'บัวงาม', '61220405'),
('6122040204', '2', 'สันติพงษ์', 'ตุ่นจันทร์', '61220405');
INSERT INTO `ac_std` (`student_id`, `prefix_id`, `stu_fname`, `stu_lname`, `group_id`) VALUES
('6122040205', '4', 'อริษา', 'นพดลธีระกุล', '61220405'),
('6122110001', '4', 'นันทกาญน์', 'ระแหง', '61221101'),
('6122110002', '4', 'บุญฑริก', 'สังข์เสนาะ', '61221101'),
('6122110003', '3', 'เนติมา', 'ชูเดช', '61221101'),
('6122110004', '4', 'เบญจมาศ', 'สุภสร', '61221101'),
('6122110005', '3', 'ภูริพันธุ์', 'สุทธิรอด', '61221101'),
('6122110009', '4', 'ภาวิณี', 'เจริญศรีวิไล', '61221101'),
('6122110010', '4', 'น้ำทิพย์', 'พงษาปาน', '61221101'),
('6122110013', '3', 'ธนพล', 'หว่างวิวัฒน์', '61221101'),
('6122110016', '4', 'ตรีสุคนธ์', 'ทองคำ', '61221101'),
('6122110017', '4', 'อรนภา', 'ราชนาวี', '61221101'),
('6122110020', '4', 'ฐรินทร์ฎา', 'เพชรสุริยธนชัย', '61221101'),
('6122110021', '2', 'สิทธินนท์', 'ขันดี', '61221101'),
('6122110022', '4', 'ณิชา', 'ชุ่มอ่วม', '61221101'),
('6122110027', '3', 'พุทธิพงษ์', 'ตันโลห์', '61221101'),
('6122110028', '3', 'ปรินทร', 'บรรณา', '61221101'),
('6122110029', '3', 'ณัฐกาญจน์', 'บุตรน้ำเพ็ชร', '61221101'),
('6122110031', '4', 'กมลรัตน์', 'รัตนสิทธิ์', '61221101'),
('6122110032', '2', 'เจษฎา', 'สมสนุก', '61221101'),
('6122110033', '3', 'พิพัฒน์', 'ศรีบุตร', '61221101'),
('6122110034', '3', 'ชานาธิป', 'โชติจรัสอาภรณ์', '61221101'),
('6122110040', '3', 'ฉัตรมงคล', 'วงศ์ประพันธ์', '61221101'),
('6122110041', '3', 'อภิวัฒน์', 'ประฤทธิวงษ์', '61221101'),
('6122110046', '4', 'อินทิพร', 'แซ่ย่าง', '61221102'),
('6122110053', '4', 'อาจารี', 'กวินวิจิตร', '61221102'),
('6122110055', '4', 'วุฒิพร', 'แซ่เฒ่า', '61221102'),
('6122110056', '4', 'อาทิตยา', 'แซ่ย่าง', '61221102'),
('6122110057', '4', 'นลัทพร', 'แซ่ย่าง', '61221102'),
('6122110058', '4', 'อาทิตยา', 'นวลชัยภูมิ', '61221102'),
('6122110061', '4', 'จิณห์วรา', 'แซ่ว่าง', '61221102'),
('6122110062', '4', 'กนกพร', 'แสงม้า', '61221102'),
('6122110063', '4', 'ศุภลักษณ์', 'ธรรมโชติ', '61221101'),
('6122110064', '4', 'จิรารัตน์', 'ผิวบาง', '61221101'),
('6122120001', '4', 'ชญานุช', 'มั่นคงดี', '61221201'),
('6122120002', '4', 'พรทิพย์', 'สะมะแอ', '61221201'),
('6122120003', '4', 'อภิญญา', 'บรรพตเขียว', '61221201'),
('6122120004', '4', 'ฐิตาภา', 'พลศักดิ์', '61221201'),
('6122120005', '4', 'จิดาภา', 'นิ่มมงคลศิลป์', '61221201'),
('6122120006', '4', 'พิมพลอย', 'ฟักแฟง', '61221201'),
('6122120007', '4', 'เบญจพร', 'นุชนนท์', '61221201'),
('6122120008', '3', 'คทาธร', 'สุธีรากุลชัช', '61221201'),
('6122120009', '4', 'อุสา', 'คำแสน', '61221201'),
('6122120010', '4', 'พรรณภา', 'โภคทรัพย์', '61221201'),
('6122120011', '4', 'พิมลรัตน์', 'พรรณลำเจียก', '61221201'),
('6122120012', '4', 'ญาณภา', 'แซ่เตียว', '61221201'),
('6122120013', '4', 'ศิริอาภา', 'ขาวสวัสดิ์', '61221201'),
('6122120014', '3', 'สุกัญญา', 'สุขเหลือง', '61221201'),
('6122120015', '4', 'ณัฐธิดา', 'วังยศ', '61221201'),
('6122120016', '3', 'พรทิพย์', 'ใยนนท์', '61221202'),
('6122120017', '3', 'ณัฐฐิกา', 'สีบุตรตา', '61221202'),
('6122120018', '3', 'ศิริวรรณ', 'ศรีแสงจันทร์', '61221202'),
('6122120019', '3', 'บุญญภรณ์', 'ชลินธุ', '61221202'),
('6122120020', '2', 'ชาคริต', 'สละ', '61221202'),
('6122120021', '3', 'สุกัญญา', 'นิยมไทย', '61221202'),
('6122120023', '4', 'บัณฑิตา', 'แก้วประไพ', '61221201'),
('6122120024', '4', 'ธัญชนก', 'สิงห์เจริญโชค', '61221201'),
('6122120025', '4', 'ณัฐธิดา', 'นุชนาถ', '61221201'),
('6122120026', '3', 'นิรุรินทร์', 'กิ่งจันทร์', '61221201'),
('6122120027', '4', 'ธมลวรรณ', 'กางทา', '61221201'),
('6122120028', '3', 'ชนาภา', 'พลายคุม', '61221202'),
('6122120029', '4', 'ณิชกุล', 'เกตุแก้ว', '61221202'),
('6122120030', '3', 'สุภัทรา', 'ภูนุช', '61221202'),
('6122120031', '3', 'ฐิมาภรณ์', 'พูลเจริญ', '61221202'),
('6122120033', '3', 'ธัญสุดา', 'มูลธากลม', '61221202'),
('6122120034', '3', 'ศิริลักษณ์', 'ประวัฑฒะนา', '61221202'),
('6122120036', '2', 'สหัสวรรษ', 'อัศวนานนท์', '61221202'),
('6122120037', '3', 'เปรมศิณี', 'จำนงค์', '61221202'),
('6122120038', '3', 'มัญชุกานต์', 'ราวงษ์', '61221202'),
('6122120039', '3', 'วิสันต์', 'แก้ววงษา', '61221201'),
('6122120040', '4', 'นันท์นภัส', 'สงวนอาภรณ์', '61221201'),
('6122120041', '4', 'กานต์ธิดา', 'อุปศรี', '61221201'),
('6122120044', '4', 'ธวัลกร', 'มลศิริ', '61221201'),
('6122120045', '4', 'รวิสรา', 'เทพมง', '61221201'),
('6122120046', '4', 'ธิติมา', 'ม่วงใหญ่', '61221201'),
('6122120047', '4', 'อัญญาณี', 'พลสันทะ', '61221201'),
('6122120049', '3', 'จิดาภา', 'ท่าเรือ', '61221202'),
('6122120050', '4', 'รมย์ธีรา', 'ธรรมเหล็ก', '61221203'),
('6122120051', '3', 'ณัฐพล', 'บุญใหญ่', '61221203'),
('6122120052', '4', 'กุลณัฐ', 'อรชุน', '61221203'),
('6122120053', '4', 'กัญรัตน์', 'พงษ์พิระ', '61221203'),
('6122120054', '4', 'สุภาวิณี', 'อารีชาติ', '61221203'),
('6122120056', '4', 'สุวิมล', 'ไชยสิงห์', '61221203'),
('6122120057', '4', 'กัญญาวรรณ', 'กองเพิ่มพูล', '61221203'),
('6122120058', '4', 'สุรีวรรณ์', 'มิ่งคะโน', '61221203'),
('6122120059', '4', 'พิมพินัน', 'สร้อยแสง', '61221203'),
('6122120060', '3', 'ณัฐปคัลภ์', 'สวาทะสุข', '61221203'),
('6122120061', '3', 'กีรติ', 'กีรติอาภากุล', '61221203'),
('6122120062', '4', 'ปาณิสรา', 'มุ่งลือ', '61221203'),
('6122120063', '3', 'จิรสิน', 'จานทอง', '61221203'),
('6122120064', '3', 'ภูริภัทร์', 'กิตติชัยบวร', '61221203'),
('6122120065', '4', 'ญาณินท์', 'แสงอรุณ', '61221203'),
('6122120066', '3', 'พีรพงษ์', 'ศรีสุพันธ์', '61221203'),
('6122120068', '4', 'อติมา', 'โพธิประสิทธิ์', '61221203'),
('6122120070', '4', 'ฐิติพร', 'พันธ์ศรี', '61221203'),
('6122120071', '4', 'สุปรียา', 'แรงรอบ', '61221203'),
('6122120072', '4', 'กรัณฑรัตน์', 'สันติปาตี', '61221203'),
('6122120073', '4', 'ขวัญใจ', 'โสภา', '61221203'),
('6122120074', '4', 'จรัญญา', 'หนูฤกษ์', '61221203'),
('6122120075', '4', 'พรนภา', 'ชัยจำรัส', '61221203'),
('6122120076', '4', 'ศศิกานต์', 'จีนจันทร์', '61221203'),
('6122120077', '4', 'วชิรญาณ์', 'แนวพญา', '61221203'),
('6122120078', '4', 'วโรชา', 'สังฆพรม', '61221203'),
('6122120079', '4', 'วรพร', 'เหมืองหม้อ', '61221203'),
('6122120080', '4', 'อี๊ฟ', 'สง่าพงษ์', '61221203'),
('6122120081', '4', 'จริยา', 'พุ่มสุวรรณ', '61221203'),
('6122120083', '4', 'ณภัทร', 'ผึ้งแดง', '61221202'),
('6122120085', '4', 'ธัญญาเรศ', 'เฮงสมบูรณ์', '61221202'),
('6127010001', '3', 'ภูมิพัฒน์', 'สุทธิรอด', '61270101'),
('6127010002', '4', 'แอน', 'คำเขียว', '61270101'),
('6127010003', '4', 'น้ำทิพย์', 'ชาติสุทธิพงศ์', '61270101'),
('6127010004', '4', 'ธนพร', 'ศรีละม้าย', '61270101'),
('6127010005', '4', 'บุญญาพร', 'นาเพ็ชร', '61270101'),
('6127010006', '4', 'ปาณิศา', 'ดีปั้น', '61270101'),
('6127010007', '4', 'พรปวีณ์', 'ศรีวิชัย', '61270101'),
('6127010008', '4', 'อุบลวรรณ', 'สีชะนะ', '61270101'),
('6127010009', '4', 'ณัฐรุจา', 'นิ่มสกุลจันทร์', '61270101'),
('6127010010', '4', 'ณัฐชยา', 'เขียวรอด', '61270101'),
('6127010011', '3', 'ธนกฤต', 'สิงห์อาจ', '61270101'),
('6127010012', '4', 'ชนิกา', 'คำภูษา', '61270101'),
('6127010013', '4', 'กรรณิการ์', 'สุรินาม', '61270101'),
('6127010014', '3', 'ณัฐพล', 'สำราญดี', '61270101'),
('6127010015', '4', 'จรัสทิพย์', 'หลีน้อย', '61270101'),
('6127010016', '3', 'พรพิพัฒน์', 'ประทุมวินิจ', '61270101'),
('6127010017', '3', 'ดลชนก', 'ยอมิน', '61270101'),
('6127010019', '4', 'ชุติมณฑน์', 'สงมา', '61270101'),
('6127010020', '4', 'นันทัชพร', 'รองเย็น', '61270101'),
('6127010021', '4', 'รวิสรา', 'ขุนเณร', '61270101'),
('6127010022', '4', 'ปิญาพร', 'บวรกิจเจริญชัย', '61270101'),
('6127010024', '4', 'หงษ์ฟ้า', 'ประพันธ์มิตร', '61270101'),
('6127010025', '4', 'อารียา', 'อุ่นยานโกวิท', '61270101'),
('6127010027', '4', 'วิภาดา', 'บุญทวงศ์', '61270101'),
('6127010028', '3', 'เบญจรงค์', 'ชมความสุข', '61270101'),
('6127010031', '3', 'ชเนศพล', 'นาคดี', '61270101'),
('6127010032', '3', 'พีระพัฒน์', 'วรวะไล', '61270101'),
('6127010034', '4', 'ณภิษา', 'บุญมาก', '61270101'),
('6127010036', '4', 'พิชชาพร', 'ธนัทพุฒินันท์', '61270101'),
('6127010037', '3', 'กนกวรรณ', 'หันตะเภา', '61270102'),
('6127010038', '4', 'วิศรุฌา', 'มะโน', '61270102'),
('6127010039', '3', 'พิพัฒน์', 'กิจไทยสงค์', '61270102'),
('6127010040', '3', 'ปารณีย์', 'บุญมี', '61270102'),
('6127010041', '4', 'นภาพร', 'แก้วดุลดุก', '61270102'),
('6127010043', '3', 'ธนกฤต', 'สีดา', '61270102'),
('6127010045', '3', 'วรัญญู', 'อัคฮาด', '61270102'),
('6127010046', '4', 'ชัญญานุช', 'คงสมบูรณ์', '61270102'),
('6127010048', '4', 'วินัดดา', 'แพงพันธ์', '61270102'),
('6127010049', '4', 'บัณฑิตา', 'แก้วเพ็ชร์มะดัน', '61270102'),
('6127010050', '4', 'ฉันทนา', 'ปลายเนตร', '61270102'),
('6127010051', '3', 'ภาณุเดช', 'พรหมพินิจ', '61270102'),
('6127010053', '3', 'อมรรัตน์', 'สุดใจ', '61270102'),
('6127010056', '4', 'สุภาวิดา', 'ไตรรัตน์', '61270102'),
('6127010058', '4', 'กชนันท์', 'อรัญนุมาศ', '61270102'),
('6127010060', '4', 'วณิชา', 'หงษา', '61270102'),
('6127010061', '4', 'กัลยรักษ์', 'บุญสงค์', '61270102'),
('6127010064', '3', 'ณิชาวีร์', 'แช่มเงิน', '61270102'),
('6127010066', '4', 'สุธารัตน์', 'ล้ำนาค', '61270102'),
('6127010067', '4', 'ธันยพร', 'มุจรินทร์', '61270102'),
('6127010071', '3', 'ปัทมา', 'จอมแปง', '61270102'),
('6127010072', '3', 'กรวิชญ์', 'ชุมเสน', '61270102'),
('6132012002', '4', 'สมฤทัย', 'ใจกล้าหาญ', '61320101'),
('6132012006', '4', 'จริยา', 'พงษ์สุวรรณ', '61320101'),
('6132012007', '4', 'รัชพร', 'เสถียรพงษ์', '61320101'),
('6132012008', '4', 'บัวแก้ว', 'อั่นสา', '61320101'),
('6132012009', '3', 'ธัญลักษณ์', 'จันทพาน', '61320101'),
('6132012010', '4', 'รสนันท์', 'นองนนท์', '61320101'),
('6132012011', '4', 'ญาณิดา', 'ติระกาล', '61320101'),
('6132012013', '4', 'สุนันท์', 'วงษ์ปัญญา', '61320101'),
('6132012014', '4', 'ศิริวรรณ', 'พันธ์ทองดี', '61320101'),
('6132012016', '4', 'จันทร์วลี', 'มุธิดาวัน', '61320103'),
('6132012018', 'น', 'เสาวลักษณ์', 'ทรัพย์นวล', '61320101'),
('6132012019', '4', 'กัญญารัตน์', 'แม้นวิลัย', '61320101'),
('6132012020', 'น', 'นวพรรณ', 'พวงพุ่ม', '61320101'),
('6132012021', '3', 'นัยฎา', 'ชื่นนิ', '61320101'),
('6132012023', '4', 'พิชญ์สินี', 'ประครองใจ', '61320101'),
('6132012024', '3', 'พีรวิชญ์', 'เที่ยงตรง', '61320103'),
('6132012025', '4', 'โชติมณี', 'มีแก้ว', '61320103'),
('6132012026', '4', 'วันทกรานต์', 'โภคทรัพย์', '61320103'),
('6132012027', '4', 'กิตติยากร', 'จันทร์ศร', '61320101'),
('6132012028', '4', 'สุธิตา', 'ใจบุญ', '61320101'),
('6132012029', '4', 'ชลลดา', 'โยธา', '61320102'),
('6132012032', '3', 'กนกวรรณ', 'สายทอง', '61320101'),
('6132012033', '4', 'ธิดา', 'สายกระสุน', '61320101'),
('6132012036', '4', 'ศศิภา', 'สนธิเจริญ', '61320101'),
('6132012038', '4', 'ธัญยธรณ์', 'เจริญสุข', '61320101'),
('6132012039', '4', 'ศิริวรรณ', 'บุญเรือง', '61320101'),
('6132012041', '4', 'ศรีสุดา', 'สาคร', '61320102'),
('6132012042', '3', 'นุชวรา', 'ชนะค้า', '61320105'),
('6132012043', 'น', 'นนธิชา', 'ภู่พยอม', '61320102'),
('6132012044', '3', 'พุฒิพงศ์', 'คำนึง', '61320102'),
('6132012045', '4', 'โชติกา', 'ศุภวงศ์วรรธนะ', '61320102'),
('6132012046', '4', 'ภควดี', 'อ่อนน้อมดี', '61320102'),
('6132012047', '4', 'กันยารัตน์', 'สังข์ไทย', '61320102'),
('6132012048', '4', 'ศันสนีย์', 'เพลิดพราว', '61320102'),
('6132012049', '4', 'ประสิตา', 'ธรรมพิทักษ์', '61320102'),
('6132012051', '4', 'ชโลธร', 'พรพระ', '61320102'),
('6132012052', '4', 'ชลธิชา', 'แก้วหาวงษ์', '61320102'),
('6132012053', '4', 'ธันยมัย', 'พร้อมมูล', '61320102'),
('6132012054', '4', 'กัลยรัตน์', 'โสภาระ', '61320102'),
('6132012055', '4', 'มธุรส', 'พฤกษ์พนาสันต์', '61320102'),
('6132012056', '4', 'วาริพินทุ์', 'สิทธิประเสริฐ', '61320102'),
('6132012057', 'น', 'วราลี', 'โชคชัยธนากุล', '61320102'),
('6132012058', '4', 'ชิษณุชา', 'แสงจันทร์', '61320102'),
('6132012059', 'น', 'ชลธิชา', 'แก้วเอี่ยม', '61320102'),
('6132012060', 'น', 'สุพรรณี', 'ชนะสมบูรณ์', '61320102'),
('6132012061', '4', 'ศศิธร', 'สง่าศรี', '61320102'),
('6132012062', '4', 'อัญชิสา', 'เดโชพิพัฒน์', '61320102'),
('6132012063', '4', 'วรรณภา', 'แป้นเหมือน', '61320102'),
('6132012065', '4', 'อารียา', 'อุ่นคำ', '61320104'),
('6132012067', '3', 'กัลยารัตน์', 'ยิ้มอ่ำ', '61320106'),
('6132012068', '3', 'ฉัตราภรณ์', 'อยู่คล้าย', '61320105'),
('6132012069', '3', 'นิรมัย', 'จิตรพรมมา', '61320106'),
('6132012070', '4', 'ลดาพร', 'มิ่งเมือง', '61320105'),
('6132012071', '4', 'ศุภรส', 'ศรีประสิทธิ์', '61320105'),
('6132012072', '4', 'เจนจิรา', 'จั่นอาจ', '61320105'),
('6132012073', '3', 'ปิยะฉัตร', 'ศุภวงศ์วรรธนะ', '61320102'),
('6132012074', '3', 'วิภาดา', 'ชะม้อย', '61320106'),
('6132012075', '3', 'พิมพ์ธนาวดี', 'กุนอก', '61320106'),
('6132012076', '4', 'ทิพย์วารี', 'อยู่สุข', '61320106'),
('6132012079', '4', 'ปนัดดา', 'ขุนนาม', '61320105'),
('6132012081', '3', 'ปุณณิษา', 'ทองกล่ำ', '61320106'),
('6132012082', '3', 'ชุตินันท์', 'ประสานรัตน์', '61320106'),
('6132012084', '2', 'นันทวัฒน์', 'รังษีฐิติธราโชติ', '61320106'),
('6132012085', '4', 'อาริษา', 'ยุบลมาตย์', '61320105'),
('6132012086', '4', 'ภัทรพรรณ', 'เสาทอง', '61320105'),
('6132012087', '3', 'พรกมล', 'ดีบุญ', '61320105'),
('6132012088', '4', 'มณฑาทิพย์', 'ใสดี', '61320105'),
('6132012089', '4', 'ขจีวรรณ', 'ทาทอง', '61320105'),
('6132012090', '4', 'สุทธิดา', 'พุกนัด', '61320105'),
('6132012091', '4', 'นฤมล', 'ทองกร', '61320105'),
('6132012096', '3', 'ใบปอ', 'คุ้มสมบัติ', '61320106'),
('6132012097', '3', 'แก้วตา', 'บึ้งซ้าย', '61320105'),
('6132012098', '3', 'พุธิตา', 'ประพานแก้ว', '61320106'),
('6132012099', '3', 'เกวลิน', 'อินทโก', '61320106'),
('6132012100', '4', 'ณัฏฐา', 'พึ่งมี', '61320106'),
('6132012101', '3', 'ปาริชาติ', 'เกตุสำโรง', '61320106'),
('6132012102', '4', 'ภาวริญ', 'วิมาลี', '61320103'),
('6132012103', '4', 'สุวิภา', 'อาคเนย์', '61320104'),
('6132012104', '4', 'เดือน', 'ทุมมานนท์', '61320103'),
('6132012105', '4', 'เพ็ญพิชชา', 'โกสะรุทธะ', '61320103'),
('6132012106', '4', 'เพชรรัตน์', 'ศรีโพธิ์งาม', '61320103'),
('6132012107', '4', 'อธิตญา', 'จันทร์สุริยา', '61320103'),
('6132012108', '4', 'เนตรชนก', 'แซ่ตั้ง', '61320103'),
('6132012109', '3', 'คุณากร', 'มีพักตร์', '61320103'),
('6132012111', '4', 'ณิชากร', 'กางมันต์', '61320103'),
('6132012115', '4', 'พัชรา', 'อุ่นจรัส', '61320103'),
('6132012116', '4', 'อัมพิรา', 'กันทอง', '61320103'),
('6132012117', '3', 'ธีธัช', 'พิชญวิญญูสกุล', '61320103'),
('6132012119', '4', 'พิมลทิพย์', 'เวชโต', '61320104'),
('6132012120', '4', 'ปิยอนงค์', 'ธารสันต์', '61320104'),
('6132012121', '4', 'สุกัญญา', 'ล้ำจุมจัง', '61320104'),
('6132012122', '4', 'ขนิษฐา', 'ตุ้มคุ้ม', '61320104'),
('6132012123', '4', 'รชนีกร', 'ไทยทวี', '61320104'),
('6132012124', '4', 'สโรชา', 'ศรีเจริญ', '61320104'),
('6132012127', '4', 'สโรชา', 'ยันวา', '61320104'),
('6132012128', '4', 'รินรดา', 'พุ่มจันทร์', '61320104'),
('6132012129', '3', 'พัชราภา', 'ศิลปี', '61320104'),
('6132012130', '4', 'พรเพ็ญ', 'ทวีทับ', '61320104'),
('6132012132', '4', 'วรรณี', 'ชมพิกุล', '61320104'),
('6132012133', '4', 'สไบทิพย์', 'พวงประเสริฐ', '61320104'),
('6132012135', '4', 'ณภาพร', 'อยู่เล็ก', '61320104'),
('6132012136', '4', 'กรรณิการ์', 'พงษ์สะเดา', '61320104'),
('6132012139', '4', 'เลนิการ์', 'มิสสิงร์', '61320102'),
('6132012140', '3', 'ชาคริต', 'คงไพศาล', '61320102'),
('6132012141', 'น', 'สุชานันท์', 'มะลิงาม', '61320102'),
('6132012142', '3', 'พิสุทธิ์', 'แสวงบริสุทธิ์', '61320102'),
('6132012143', '3', 'ธนพล', 'ผึ่งผาย', '61320102'),
('6132012144', '4', 'อมรรัตน์', 'เชิดฉาย', '61320102'),
('6132012145', '3', 'ธารทิพย์', 'แก้ววัชระโสภณ', '61320106'),
('6132012147', '4', 'อินทิรา', 'ทองหยู', '61320105'),
('6132012149', '3', 'กุสุมา', 'สังขรังสี', '61320106'),
('6132012150', '4', 'ภาสุรีย์', 'ด้วงเจริญ', '61320105'),
('6132012151', '3', 'ณัฐวุฒิ', 'ไชยพลฤทธิ์', '61320105'),
('6132012152', '3', 'วริษา', 'จริตเอก', '61320106'),
('6132012153', '4', 'ธนัชชา', 'ทะสานนท์', '61320104'),
('6132012155', '3', 'ชนิตา', 'ทองใจ', '61320106'),
('6132012157', '3', 'อารยา', 'ทวีสัตย์', '61320102'),
('6132023001', '4', 'นาตยา', 'แดงคำ', '61320201'),
('6132023002', '4', 'สุพัตรา', 'นาทองลาย', '61320201'),
('6132023003', '4', 'ปรีญารัตน์', 'พวงจันทร์', '61320201'),
('6132023004', '4', 'มยุรี', 'ขันทะเสน', '61320201'),
('6132023005', '4', 'ประภาพร', 'นาฆ้อง', '61320201'),
('6132023006', '3', 'ณัฐกร', 'ศุกพิธ', '61320201'),
('6132023007', '4', 'ธนาภรณ์', 'กมลนาวิน', '61320201'),
('6132023008', '4', 'เกศกนก', 'ศิลา', '61320201'),
('6132023009', '4', 'โชติกา', 'เปี่ยมสกุล', '61320201'),
('6132023010', '4', 'นฤตยา', 'อัมภาโรจน์', '61320201'),
('6132023012', '4', 'รังสิมันตุ์', 'เทพศิริ', '61320201'),
('6132023013', '4', 'พิชชานันท์', 'กรุงเก่า', '61320201'),
('6132023014', '4', 'สุนิสา', 'สังเงิน', '61320201'),
('6132023015', '4', 'รวงข้าว', 'รื่นเจริญ', '61320201'),
('6132023016', '4', 'อัมพิกา', 'คำทิพย์', '61320201'),
('6132023017', '3', 'พีรพล', 'จูกระโทก', '61320201'),
('6132023018', '3', 'ธนพล', 'สนโต', '61320201'),
('6132023019', '3', 'ศุภโชค', 'เพ็ชรไพบูลย์', '61320202'),
('6132023020', '4', 'สุธินีย์', 'จิตต์รัตนสุเมธ', '61320201'),
('6132023021', 'น', 'อโนชา', 'สาทประสิทธิ์', '61320201'),
('6132023022', '4', 'นิภาพร', 'มูระคา', '61320201'),
('6132023023', '4', 'นวพร', 'กลิ่นกระโทก', '61320201'),
('6132023024', '4', 'อัญชลี', 'รุ่งเรือง', '61320201'),
('6132023025', '3', 'วรกมล', 'ลาภขุนทด', '61320201'),
('6132023026', '3', 'รังสิมา', 'วงษ์สะอาด', '61320202'),
('6132023027', '4', 'มาธวี', 'อนันต์พลาภูมิ', '61320203'),
('6132023029', '4', 'ธนารีย์', 'ทากิระ', '61320202'),
('6132023032', '3', 'รัชนีกานต์', 'หลั่งมา', '61320202'),
('6132023034', '4', 'อัยนา', 'หนูชาวนา', '61320201'),
('6132023035', '4', 'จารุมาศ', 'พลอยพิทักษ์กุล', '61320201'),
('6132023036', '4', 'เนตรนภา', 'แก่นทน', '61320201'),
('6132023037', '4', 'สุพิชชา', 'ถึงสุข', '61320201'),
('6132023039', '4', 'วรรณทิพย์', 'ด้วงสโมสร', '61320201'),
('6132023040', '4', 'ชลมารค', 'ไกรสิงห์', '61320202'),
('6132023042', '4', 'พิมพ์ศิริ', 'รังวรรณา', '61320202'),
('6132023043', '3', 'อภิสิทธิ์', 'เขมานุกูล', '61320202'),
('6132023044', '4', 'ชลธิชา', 'มินเจริญ', '61320202'),
('6132023046', '4', 'ศศิวรรณ', 'วงษ์ศรี', '61320202'),
('6132023047', '4', 'เสาวลักษณ์', 'จิตสันเทียะ', '61320202'),
('6132023048', '4', 'จิราภรณ์', 'นิตยโรจน์', '61320202'),
('6132023049', '3', 'วิรนันท์', 'ม่วงบำรุง', '61320202'),
('6132023050', '4', 'ธนัชพร', 'เกษรมาลา', '61320202'),
('6132023051', '4', 'ชุติมา', 'โสภาวงศ์', '61320202'),
('6132023052', '3', 'พรชิตา', 'กลั่นแกล้ว', '61320202'),
('6132023053', '3', 'กฤษฎี', 'สนทอง', '61320202'),
('6132023054', '4', 'พันธกานต์', 'เจียมพลายจิตร์', '61320202'),
('6132023055', '4', 'พิมส์ลภัส', 'ภาคพิธเจริญ', '61320202'),
('6132023058', '4', 'จันทิมา', 'มาเทศ', '61320202'),
('6132023059', '3', 'มงคล', 'สุดปัญญา', '61320202'),
('6132023060', '3', 'รศชา', 'วงศ์ษานุสิทธิ์', '61320202'),
('6132023061', '3', 'ศุภเดช', 'รอดนวล', '61320202'),
('6132023063', '3', 'อดิศร', 'มัดถาปะโท', '61320202'),
('6132023064', '3', 'นรินทร์', 'มาเที่ยง', '61320202'),
('6132023065', '3', 'วรินทร', 'ชาวงษ์', '61320202'),
('6132023066', '4', 'ธิดา', 'วัดแย้ม', '61320202'),
('6132023069', '3', 'พิชชาภา', 'โชคชัย', '61320203'),
('6132023070', '4', 'นัสมล', 'อ่อนศรี', '61320203'),
('6132023071', '4', 'ศกุนตลา', 'ขอสินกลาง', '61320203'),
('6132023072', '4', 'หทัยชนก', 'อยู่ตามนัด', '61320203'),
('6132023074', '4', 'วรางคณา', 'นุชบางเคียน', '61320203'),
('6132023075', '4', 'อรุฬลักษณ', 'ทองลอง', '61320203'),
('6132023076', '4', 'ชนัดดา', 'แสงมะณี', '61320203'),
('6132023077', '4', 'โยษิตา', 'ไกยะฝ่าย', '61320203'),
('6132023078', '4', 'ชัญญา', 'วัชวงษ์', '61320203'),
('6132023079', '4', 'กาญจนา', 'ม่วงศรี', '61320203'),
('6132023082', '3', 'มัชฌิมา', 'อินทร์จันทร์', '61320203'),
('6132023083', '4', 'พรพรรณ', 'แย้มชัยภูมิ', '61320203'),
('6132023087', '3', 'เบญจพล', 'สุวรรณเขต', '61320202'),
('6132023088', '4', 'กัลยา', 'ยวงรัมย์', '61320203'),
('6132023089', '3', 'ชิติพัทธ์', 'พงษ์นาค', '61320201'),
('6132023090', '4', 'นภาภรณ์', 'เกษศรีนา', '61320201'),
('6132045001', '3', 'ชลธิชา', 'ดีนิคม', '61320401'),
('6132045003', '4', 'ศิริพรรณรัตน์', 'ใจธิมา', '61320401'),
('6132045004', '4', 'ชลดา', 'อยู่มงคล', '61320401'),
('6132045005', '4', 'ภควดี', 'ใจน้อย', '61320401'),
('6132045006', '3', 'ทวีรัชต์', 'กลับกระโทก', '61320401'),
('6132045007', '4', 'พัทธนันท์', 'ครบอยู่', '61320401'),
('6132045008', '3', 'จิรายุทธ', 'ชอุ่มเกตุ', '61320402'),
('6132045009', '4', 'ธีรภัทร์', 'จันทร์วิเศษณ์', '61320401'),
('6132045010', '4', 'วรรณพร', 'สัตตะบุตร', '61320401'),
('6132045011', '3', 'นัฐดนัย', 'รู้รักษ์', '61320401'),
('6132045012', '4', 'โสภิตา', 'ภูผาชัย', '61320401'),
('6132045013', '4', 'ศุภรัตน์', 'หงษ์ภู่', '61320401'),
('6132045014', '3', 'ชัยสิทธิ์', 'ป้ายนอก', '61320401'),
('6132045015', '3', 'ศมเลิศ', 'สาทรานนท์', '61320401'),
('6132045016', '3', 'เอกรินทร์', 'แก้วนิล', '61320401'),
('6132045017', '3', 'บุตรปิยะ', 'ทิมมา', '61320401'),
('6132045020', '3', 'วสวัตติ์', 'วรโชติปรีชาวงศ์', '61320402'),
('6132045022', '3', 'ปรมัท', 'จงธรรม์', '61320402'),
('6132045023', '3', 'ยศพร', 'ผิวสังข์', '61320402'),
('6132045024', '3', 'นราวิชญ์', 'ประสานสงฆ์', '61320402'),
('6132045025', '3', 'พชรพล', 'บรรลือศักดิ์', '61320402'),
('6132045026', '3', 'ชุติพนธ์', 'เจวจินดา', '61320402'),
('6132045030', '3', 'สุพศิน', 'พื้นขุนทด', '61320401'),
('6132045031', '3', 'สรวิศ', 'กันทะปัน', '61320401'),
('6132045032', '4', 'อรวรรณ', 'ศรีสัมพันธ์', '61320401'),
('6132045033', '3', 'ธนกร', 'ตรีทศพล', '61320401'),
('6132045034', '3', 'ณันถะชัย', 'มีกัลยา', '61320401'),
('6132045037', '3', 'จุฑาทิพย์', 'เรืองศรีธนนท์', '61320401'),
('6132045038', '4', 'สุธามาศ', 'เพียรวรรณวณิช', '61320401'),
('6132045039', '4', 'พรนิภา', 'มหานาม', '61320401'),
('6132045040', '3', 'เจษฎา', 'แย้มกลิ่น', '61320401'),
('6132045043', '3', 'ปิติชาติ', 'นามบุญชู', '61320402'),
('6132045044', '3', 'ธิติ', 'จิรพุฒิเดโช', '61320402'),
('6132045045', '2', 'อินทรี', 'จันทร์ศรีเกษร', '61320402'),
('6132045046', '3', 'อัศวิน', 'กำจาย', '61320402'),
('6132045047', '3', 'วรธรรม', 'กล่อมดี', '61320402'),
('6132045049', '3', 'สุรพงศ์', 'ญาณสิทธิผล', '61320402'),
('6132045051', '3', 'กิตติพันธ์', 'ดาราพันธุ์', '61320401'),
('6132045052', '3', 'ชิดพงษ์', 'พงษ์สุขเจริญกุล', '61320402'),
('6132119501', '3', 'สราวุธ', 'จุดทะนุช', '61321101'),
('6132119502', '4', 'เกสร', 'ใสสะอาด', '61321101'),
('6132119503', '4', 'ภิญญาพัชร์', 'ยิ่งยศศิริวุฒิ', '61321101'),
('6132119504', '4', 'ภรณ์ศรี', 'วิชาเดช', '61321102'),
('6132119505', '4', 'แก้วฤทัย', 'ทุ่งไธสงค์', '61321101'),
('6132119506', '4', 'ยุวดี', 'พูลสวัสดิ์', '61321101'),
('6132119509', '3', 'กลย์ธัช', 'กัลยาณธัช', '61321101'),
('6132119511', '4', 'ปุริมปรัชญ์', 'จิตรอาษา', '61321101'),
('6132119512', '4', 'อัญชลี', 'นิลไสล', '61321102'),
('6132119513', '4', 'บุษบาวรรณ', 'สมัยพรหม', '61321102'),
('6132119514', '4', 'วรนุช', 'รักษาสุข', '61321101'),
('6132119515', '3', 'ยงยุทธ', 'อาจองค์', '61321102'),
('6132119516', '4', 'ฤดี', 'นามสมบูรณ์', '61321101'),
('6132119517', '4', 'ณัฐกมล', 'สันติพงศ์', '61321102'),
('6132119518', '3', 'สุริยพงศ์', 'สุดสวาสดิ์', '61321102'),
('6132119519', '3', 'ลิลณี', 'รวิศเลิศวดี', '61321101'),
('6132119520', '4', 'ลลิตภ์ทร', 'สโมสร', '61321101'),
('6132119523', '4', 'สุชาดา', 'เพ็ชรไพบูลย์', '61321102'),
('6132119524', '4', 'พลอยแก้ว', 'แสงอรุณ', '61321101'),
('6132119525', '4', 'พรไพลิน', 'แสงพระจันทร์', '61321101'),
('6132119526', '4', 'ไพริน', 'ทศทอง', '61321102'),
('6132119527', '4', 'นภาพร', 'จันลาภา', '61321102'),
('6132119533', '4', 'รุ่งนภา', 'แซ่หาง', '61321103'),
('6132119536', '4', 'เดือนรุ่ง', 'โอชาวงษ์', '61321103'),
('6132119537', '3', 'ธนพล', 'จะนู', '61321103'),
('6132119538', '4', 'กรรณนิภา', 'สงวนวงษ์', '61321103'),
('6132119541', '3', 'กัลยา', 'ถนอมวรกุล', '61321103'),
('6132119544', '3', 'สุพัฒน์', 'ชาตรี', '61321103'),
('6132119546', '3', 'กรวิทย์', 'กล่อมจิตร', '61321101'),
('6132128001', '4', 'สุดารัตน์', 'จันทแสน', '61321201'),
('6132128003', '3', 'อธิชา', 'เหมชะญาติ', '61321201'),
('6132128004', '3', 'ลัทธวิทย์', 'โต๊ะถม', '61321201'),
('6132128005', '4', 'ภัทรียา', 'พูลทรัพย์', '61321201'),
('6132128006', '4', 'น้ำทิพย์', 'แซ่ลี้', '61321201'),
('6132128007', '4', 'ธัญชนก', 'สุขนา', '61321201'),
('6132128008', '4', 'ภัคจิรา', 'ลาแสดง', '61321201'),
('6132128009', '4', 'พรทิพย์', 'หนองแสง', '61321201'),
('6132128010', '4', 'ธนัญญา', 'คัดชา', '61321201'),
('6132147001', '4', 'ธนัชพร', 'จันดาแก้ว', '61321401'),
('6132147002', '4', 'วรรณลดา', 'บุญรินทร์', '61321401'),
('6132147003', '4', 'นัฐธยา', 'บุญใหญ่', '61321401'),
('6132147004', '4', 'ณัฐพร', 'มาสุข', '61321401'),
('6132147005', '3', 'จินดามณี', 'ไกรสกุล', '61321403'),
('6132147007', '4', 'เมธาวดี', 'ฉัตรพิมาย', '61321401'),
('6132147008', '4', 'อรยา', 'หอมสมบัติ', '61321401'),
('6132147009', '4', 'มัชฌิมา', 'ทรงสนาน', '61321401'),
('6132147010', '4', 'คนัสนันท์', 'อมรนพคุณ', '61321401'),
('6132147011', '4', 'ลลิต์ภัทร', 'เล้าเลิศมงคล', '61321401'),
('6132147013', '3', 'ณัฐเศรษฐ', 'พานสายตา', '61321401'),
('6132147014', '3', 'อรญา', 'สานุเสริม', '61321403'),
('6132147015', '3', 'ดวงฤทัย', 'พรมการ', '61321403'),
('6132147016', '3', 'อาทิตยา', 'แดงชอบกิจ', '61321403'),
('6132147017', '2', 'ภานุเดช', 'ทานะสินห์', '61321403'),
('6132147018', '2', 'รชต', 'พี้นชมภู', '61321403'),
('6132147019', '3', 'นุดี', 'มิดดี้', '61321403'),
('6132147021', '3', 'อรนภา', 'เหล็กกนก', '61321403'),
('6132147022', '3', 'กาญจนา', 'พงษ์หา', '61321403'),
('6132147023', '3', 'วรรณวิภา', 'วงศ์จันทร์', '61321403'),
('6132147024', '3', 'วันวิสา', 'พาแก้ว', '61321403'),
('6132147025', '2', 'เศวตโชติ', 'จีนงาม', '61321403'),
('6132147026', '2', 'วัชรวีร์', 'ศุภสาร', '61321403'),
('6132147027', '3', 'กาญจนา', 'กาญจนเสถียร', '61321403'),
('6132147028', '3', 'ธนรัตน์', 'ศรีธาราม', '61321401'),
('6132147029', '3', 'เสาวภาคย์', 'ชัยกลาง', '61321403'),
('6132147030', '2', 'ศุภชัย', 'สาเรือง', '61321403'),
('6132147031', '2', 'นฤเทพ', 'เมืองปัญญา', '61321403'),
('6132147033', '4', 'ชนกนันท์', 'เชิดชูสัตย์', '61321401'),
('6132147034', '4', 'ชนันกานต์', 'ตันเรืองศรี', '61321401'),
('6132147035', '3', 'วัชรพงษ์', 'สีพ่วง', '61321402'),
('6132147036', '4', 'จิราวรรณ', 'อันไธสงค์', '61321402'),
('6132147037', '3', 'กุลธิดา', 'ด้วงทอง', '61321402'),
('6132147038', '3', 'สิริภัชรี', 'ศรีชุมพวง', '61321402'),
('6132147039', '4', 'บัว', 'มาลาดาษ', '61321402'),
('6132147040', '3', 'ภัทรพล', 'ส่งทอง', '61321402'),
('6132147041', '4', 'พัชรปรัชญา', 'แปงการิยา', '61321402'),
('6132147042', '4', 'อัจฉราพรรณ', 'สาเรชพันธ์', '61321402'),
('6132147043', '3', 'อาริญา', 'บุตรพรม', '61321402'),
('6132147045', '4', 'สุรีรัตน์', 'เทพคำ', '61321402'),
('6132147046', '4', 'อนัญญา', 'สุระหงษ์', '61321402'),
('6132147047', '3', 'อนุวัฒน์', 'หมายศูนย์คำ', '61321402'),
('6132147049', '2', 'พิภพภัทร', 'คำมณีจันทร์', '61321403'),
('6132147050', '3', 'วาสนา', 'ชิยะจง', '61321403'),
('6132147051', '3', 'พัชราพร', 'ตาละซอน', '61321403'),
('6132147052', '2', 'ศุภวิชญ์', 'อดุลชีวะ', '61321403'),
('6132147053', '3', 'นวินดา', 'สุดอุ่น', '61321403'),
('6132147054', '4', 'ยมลพร', 'คล้ายสวี', '61321403'),
('6132147056', '2', 'วายุ', 'และเย๊าะห์', '61321403'),
('6132147058', '3', 'ณัฐฐิชา', 'ขันอุระ', '61321403'),
('6132147059', '4', 'ภัคจิรา', 'เขียวชอุ่ม', '61321403'),
('6132147060', '3', 'ธีรวิทย์', 'สิทธิบุญ', '61321402'),
('6132147201', '4', 'สร้อยเพชร', 'ตุ้มเพ็ชร', '61321404'),
('6132147202', '3', 'ศิวพงษ์', 'ประดับพร', '61321404'),
('6132147204', '4', 'สราลี', 'แสงสว่าง', '61321404'),
('6132147205', '4', 'อิสริยา', 'พรมเกิด', '61321404'),
('6132147206', '4', 'ชลิดาภรณ์', 'พ่วงวิจิตร์', '61321404'),
('6132147207', '3', 'ณรงค์ศักดิ์', 'สมนิยาม', '61321404'),
('6132147210', '3', 'พิสิษฐ์', 'แก่งศิลา', '61321404'),
('6132147211', '3', 'ตะวัน', 'ดำริเลิศ', '61321404'),
('6132147212', '3', 'สถาพร', 'โอภาส', '61321404'),
('6132147213', '3', 'ศรัณย์', 'เลิศบวรฉัตร', '61321404'),
('6132147214', '4', 'วัชรี', 'ทองรัศมี', '61321404'),
('6132147215', '3', 'จักรพันธุ์', 'อนุชิตไพลิน', '61321404'),
('6132147216', '3', 'ชนายุทธ', 'ภู่ระย้า', '61321404'),
('6132147217', '4', 'ปัญญาพร', 'ใจสุขใส', '61321404'),
('6132147219', '3', 'อุดมศักดิ์', 'บรรเทา', '61321404'),
('6132147220', '4', 'สุพิชชา', 'อินทรพรหม', '61321404'),
('6132156001', '3', 'ธารินทร์', 'เพลิดพราว', '61321501'),
('6132156002', '3', 'วัณณิตา', 'ลูกศร', '61321501'),
('6132156003', '4', 'พรรณนิดา', 'คงเกิด', '61321501'),
('6132156004', '3', 'วิธวินทร์', 'ขาวล้ำเลิศ', '61321501'),
('6132156005', '2', 'จักรธร', 'พุ่มพิศ', '61321501'),
('6132156006', '3', 'ธีรวัฒน์', 'ใจสุข', '61321501'),
('6132156007', '3', 'ภานุวัฒน์', 'ช้างเกตุ', '61321501'),
('6132156009', '3', 'สุขฤทัย', 'ไชยสาส์น', '61321501'),
('6132156011', '3', 'เดชบดินทร์', 'ทุ่งจันทร์', '61321501'),
('6132156012', '4', 'นารีพันธ์', 'โคแล', '61321501'),
('6132156013', '4', 'ชญานันท์', 'ผาสุข', '61321501'),
('6132156014', '4', 'สุชาดา', 'เอกชวโรจน์', '61321502'),
('6132156015', '4', 'โสรญา', 'จันทร์เทวี', '61321501'),
('6132156016', '4', 'สิรินเทพ', 'ยะหัตตะ', '61321501'),
('6132156017', '3', 'ทองด้วง', 'ดวงแสง', '61321501'),
('6132156018', '4', 'จุฑาภรณ์', 'สังแก้ว', '61321501'),
('6132156019', '4', 'สิทธิพร', 'ศาทตรา', '61321501'),
('6132156020', '3', 'ปิยะวัฒน์', 'โอชะกุล', '61321501'),
('6132156022', '3', 'พงพันธ์', 'ไทยมานิตย์', '61321501'),
('6132156023', '3', 'จิตรกร', 'อ่ำหงษ์', '61321502'),
('6132156024', '4', 'วิภาดา', 'ลาภปัญญา', '61321502'),
('6132156025', '4', 'ศิวพร', 'สำลีเดช', '61321502'),
('6132156027', '4', 'ชาดา', 'บำเพ็ญผล', '61321502'),
('6132156028', '4', 'ดารณี', 'กลิ่นบัว', '61321502'),
('6132156029', '4', 'ติรณา', 'พรมบ้านไร่', '61321501'),
('6132156030', '2', 'นวมินทร์', 'สุดใจดี', '61321501'),
('6132156034', '3', 'ยศพล', 'บุญมี', '61321502'),
('6132156035', '3', 'ธนภูมิ', 'ปิดตานัง', '61321501'),
('6132156036', '4', 'สกุลตลา', 'ศิลาเพชร', '61321501'),
('6132156039', '3', 'ดิลก', 'ตันโลห์', '61321501'),
('6137012001', '4', 'ญาตาวี', 'ลาวหาง', '61370101'),
('6137012002', '4', 'ศศิปภัสร์', 'ธัญรัตนภิรมย์', '61370101'),
('6137012006', '4', 'แพรวพรรณ', 'สมสุขเจริญ', '61370101'),
('6137012007', '4', 'นิรมล', 'พิณทอง', '61370101'),
('6137012008', '4', 'พรรณราย', 'สมสุขเจริญ', '61370101'),
('6137012012', '4', 'ศุภลักษณ์', 'พลรักษา', '61370101'),
('6137012013', '4', 'บุษยมาศ', 'มูลอามาตย์', '61370101'),
('6137012014', '4', 'ลิเดียร์', 'อุไรวงค์', '61370101'),
('6137012015', '4', 'นภาภัทร์', 'เจริญเพิ่มพร', '61370101'),
('6137012016', '4', 'พรประภา', 'มีสมบูรณ์', '61370101'),
('6137012017', '4', 'นพเก้า', 'การีรัตน์', '61370101'),
('6137012018', '3', 'บุญฤทธิ์', 'แจ่มใส', '61370101'),
('6137012019', '3', 'พลอย', 'ตระเพียนทอง', '61370101'),
('6137070001', '3', 'พงศกร', 'ศรีวิชัย', '61370701'),
('6137070003', '4', 'เปิ้ล', 'ไม่ปรากฎนามสกุล', '61370701'),
('6137070005', '4', 'อภิญญา', 'จันทร์เปรม', '61370701'),
('6137070007', '4', 'ชนัดดา', 'เชยโภคา', '61370701'),
('6137070008', '4', 'สุนิตา', 'จีพิมาย', '61370701'),
('6139010001', '2', 'อนันต์', 'เอกกุล', '61390101'),
('6139010002', '2', 'ธนกฤต', 'โชติจรัสอาภรณ์', '61390101'),
('6139010004', '2', 'ศุภกิตต์', 'ณรงค์ศักดิ์', '61390101'),
('6139010005', '2', 'พงศกร', 'ทองนิยม', '61390101'),
('6139010006', '2', 'ศุภกร', 'เผือกสาลีวงษ์', '61390101'),
('6139010007', '2', 'ณัฐพล', 'สุขสมรูป', '61390101'),
('6139010008', '2', 'วันชนะ', 'ก่ำรัมย์', '61390101'),
('6139010009', '2', 'มุนินทร์', 'กอผจญ', '61390101'),
('6139010012', '2', 'คัมภีร์', 'ศรีมูลชัย', '61390101'),
('6139010015', '2', 'ศุภกิจ', 'ศรีบาง', '61390101'),
('6142040901', '4', 'นีรชา', 'กล่ำกล่อมจิตร์', '61420401'),
('6142040903', '4', 'ดวงเนตร', 'บินไธสง', '61420402'),
('6142040907', '3', 'กฤษณ์', 'โตทอง', '61420402'),
('6142040908', '3', 'ณัฐวุฒิ', 'สุโพธิ์', '61420402'),
('6142040909', '3', 'วัฒนพงษ์', 'อินทรโชติ', '61420402'),
('62202010001', '4', 'อรวรรณ', 'เขียวตื้ออินทร์', '622020101'),
('62202010002', '4', 'วาทศิลป์', 'ศรีอ้วน', '622020101'),
('62202010003', '4', 'ญาสุมินทร์', 'สอนสิงห์', '622020101'),
('62202010004', '3', 'ศิวัช', 'บุญรอด', '622020101'),
('62202010005', '4', 'อำภรณ์', 'เอี่ยมกลัด', '622020101'),
('62202010006', '4', 'ฑิฆัมพร', 'ชัยพิพัฒน์', '622020101'),
('62202010007', '4', 'บุญช์กนก', 'ตระกูลอนุสรณ์', '622020101'),
('62202010008', '4', 'นภัสสร', 'มะโหลี', '622020101'),
('62202010009', '4', 'แพรวา', 'ปีวรบุตร', '622020101'),
('62202010010', '4', 'พรอัมภา', 'ยอดสำเภา', '622020101'),
('62202010011', '4', 'บุษบง', 'ชาวบางงาม', '622020101'),
('62202010012', '4', 'กัญญาภัค', 'ชัยอำนาจ', '622020101'),
('62202010014', '4', 'ธราพัชร์', 'รุ่งสุริยะศิลป์', '622020101'),
('62202010015', '3', 'ธัชชัย', 'คำสา', '622020101'),
('62202010016', '4', 'สุกัญญา', 'ศรีทะชัย', '622020101'),
('62202010017', '4', 'วาสินี', 'เปี่ยมอรุณ', '622020101'),
('62202010018', '4', 'อาทิตยา', 'พร้าวหอม', '622020101'),
('62202010019', '3', 'สหชาติ', 'ยอดเกวียน', '622020101'),
('62202010020', '3', 'วิวัฒน์', 'อนุมอญ', '622020101'),
('62202010021', '4', 'ปณิฏฐา', 'บัวบาน', '622020101'),
('62202010022', '4', 'ศุภกานต์', 'นาทองลาย', '622020101'),
('62202010023', '4', 'เกวลิน', 'ทองบ่อ', '622020102'),
('62202010024', '4', 'มณีรัตน์', 'เสนาจันทร์', '622020101'),
('62202010026', '3', 'วริทธิ์', 'สีดา', '622020101'),
('62202010027', '4', 'ณัฏฐา', 'ป้อมกล่ำ', '622020101'),
('62202010028', '4', 'ชลนาฎ', 'กวานปัดชา', '622020101'),
('62202010029', '4', 'รัชโรมล', 'พุ่มทอง', '622020101'),
('62202010031', '4', 'อริสา', 'เอี่ยมอารมณ์', '622020101'),
('62202010032', '4', 'กมลรัตน์', 'วรรณา', '622020101'),
('62202010033', '4', 'วิภา', 'ศรีคำ', '622020101'),
('62202010034', '4', 'ศศิกานต์', 'เหมมาลา', '622020101'),
('62202010035', '4', 'ภิญญาพัชญ์', 'สมภาค', '622020105'),
('62202010036', '4', 'กัญญ์ณณัฎฐ์', 'สงวนเขียว', '622020101'),
('62202010037', '4', 'เบญจมาศ', 'เปรมโพธิ์', '622020101'),
('62202010038', '4', 'ฐานิดา', 'จันทร์ทา', '622020101'),
('62202010039', '4', 'ภัคคิตา', 'พันวัน', '622020101'),
('62202010040', '4', 'พิมพ์ชนก', 'หริ่งฤกษ์', '622020101'),
('62202010041', '4', 'อริสรา', 'แฝงสาเคน', '622020102'),
('62202010042', '4', 'กัญญารัตน์', 'จันทร์แทง', '622020102'),
('62202010044', '4', 'ศิริวิมล', 'บำเพ็ญทาน', '622020102'),
('62202010045', '4', 'จิราวรรณ', 'สุขใส', '622020102'),
('62202010046', '4', 'นาราภัทร', 'จันทร์ธิติ', '622020102'),
('62202010047', '4', 'สรารักษ์', 'สังข์นาค', '622020102'),
('62202010049', '4', 'ปนิตา', 'บุตณรังษี', '622020102'),
('62202010050', '4', 'วรรณษา', 'หวลละห้อย', '622020102'),
('62202010051', '4', 'เกศินี', 'ลอองพราว', '622020102'),
('62202010052', '4', 'อมลวรรณ', 'เรืองโรจน์วิริยา', '622020102'),
('62202010053', '4', 'ชลธิชา', 'เส็งเต๋', '622020102'),
('62202010054', '4', 'เนตรชนก', 'สุจริต', '622020102'),
('62202010055', '4', 'กุลธิดา', 'กุหลาบ', '622020102'),
('62202010056', '4', 'นุจรี', 'หันชะนา', '622020102'),
('62202010058', '4', 'วาริน', 'สูงงาม', '622020102'),
('62202010059', '4', 'บุษยมาศ', 'พยัฆศิริ', '622020102'),
('62202010060', '4', 'สุรีรัตน์', 'ยอดรัก', '622020102'),
('62202010061', '4', 'ชุติกาญจน์', 'กองทรัพย์', '622020102'),
('62202010063', '4', 'รรินดา', 'แสงสว่าง', '622020102'),
('62202010064', '4', 'ทิวาวรรณ', 'รอดบุญลือ', '622020102'),
('62202010065', '4', 'ณัฐชา', 'ศิลประสาตร์', '622020102'),
('62202010066', '4', 'เอมริกา', 'สร้อยเงิน', '622020102'),
('62202010067', '4', 'ชลธิชา', 'ศรีสมุทร์', '622020102'),
('62202010069', '4', 'วรรณษา', 'รอดบุญชัง', '622020102'),
('62202010070', '4', 'ดวงฤดี', 'ช่วยนา', '622020102'),
('62202010071', '4', 'ปิยธิดา', 'จุกระแจะ', '622020102'),
('62202010073', '4', 'ณัรฐกานต์', 'ล้วนทอง', '622020102'),
('62202010074', '4', 'ศุจินธร', 'อุตมะชะ', '622020102'),
('62202010075', '4', 'ศศิวิมล', 'ยอดอาจ', '622020102'),
('62202010076', '4', 'ปภาณิน', 'เที่ยงตรง', '622020102'),
('62202010077', '4', 'พรรณิภา', 'วรรณา', '622020102'),
('62202010078', '4', 'ศิริรัตน์', 'ชาจุหลัน', '622020102'),
('62202010079', '4', 'ศุภิสรา', 'ทำมา', '622020102'),
('62202010080', '4', 'ศุภลักษณ์', 'วายโสภา', '622020102'),
('62202010081', '4', 'กมลักษณ์', 'โพธิชาติ', '622020103'),
('62202010082', '4', 'มาริษา', 'แหนกลาง', '622020103'),
('62202010083', '4', 'กวินธิดา', 'ชัยบุตร', '622020103'),
('62202010084', '4', 'นัยนา', 'ยงยุทธ', '622020103'),
('62202010085', '4', 'กัลยากร', 'ทรงรัตน์', '622020103'),
('62202010086', '4', 'ธิดารัตน์', 'สาระภี', '622020103'),
('62202010087', '4', 'ชยากร', 'ศรีปัญญาภิรัตน์', '622020103'),
('62202010088', '4', 'ประภาวดี', 'สีดำ', '622020105'),
('62202010089', '4', 'สุธาภรณ์', 'นาคประเสริฐ', '622020103'),
('62202010090', '4', 'จันทร์ทิมา', 'ดอกมะลิ', '622020103'),
('62202010091', '4', 'อริศรา', 'อุ่สุวรรณ', '622020103'),
('62202010094', '4', 'สุลินดา', 'ธูปวงศ์', '622020103'),
('62202010095', '4', 'วรรณพร', 'นาเพ็ชร', '622020103'),
('62202010096', '4', 'พรรณราย', 'มะอยู่เที่ยง', '622020103'),
('62202010097', '4', 'อลิษา', 'ปุราตะโก', '622020103'),
('62202010099', '4', 'วาธิณี', 'หม่อมบุญ', '622020103'),
('62202010100', '4', 'พรรณวษา', 'ภู่กัน', '622020103'),
('62202010101', '4', 'ไอรินลดา', 'เจะหมาด', '622020103'),
('62202010102', '4', 'ภัคนิภา', 'ขำธานี', '622020103'),
('62202010103', '4', 'อรจิรา', 'รุ่งเรืองศิริโชค', '622020103'),
('62202010104', '3', 'คมชาญ', 'แพนไธสง', '622020103'),
('62202010105', '4', 'ปนัดดา', 'เดชรัตน์', '622020103'),
('62202010106', '4', 'พรนภา', 'สิงห์ป้อม', '622020103'),
('62202010107', '4', 'ชาลิสา', 'เค้ายา', '622020103'),
('62202010108', '4', 'มนปริยา', 'ล้ำเลิศธรรม', '622020103'),
('62202010109', '4', 'ลลนา', 'แก้วประดับ', '622020103'),
('62202010110', '4', 'ณัฐพร', 'เขียนดี', '622020103'),
('62202010111', '4', 'นันทิชา', 'ธรรมวงค์', '622020103'),
('62202010112', '4', 'จุฑามาศ', 'ภู่พันธ์ศรี', '622020103'),
('62202010113', '4', 'พิชชานุช', 'พลชนะ', '622020103'),
('62202010114', '3', 'ภัทรพล', 'สะอาดเอี่ยม', '622020103'),
('62202010115', '4', 'เอมอร', 'สอนศิลา', '622020103'),
('62202010116', '4', 'อารยา', 'แซ่โล้ว', '622020103'),
('62202010117', '3', 'จักรภัทร', 'จงชาณสิทโธ', '622020103'),
('62202010118', '4', 'มธุรมาส', 'แย้มสรวล', '622020103'),
('62202010119', '4', 'นภาภรณ์', 'ทองแท้', '622020103'),
('62202010120', '4', 'วรรณภา', 'ไชยดำ', '622020103'),
('62202010121', '4', 'ณัฐกาล', 'นาคบุญ', '622020103'),
('62202010122', '4', 'ชนาภา', 'เปลี่ยนสันเทียะ', '622020103'),
('62202010123', '4', 'สายวรี', 'วงษ์ภา', '622020103'),
('62202010124', '4', 'อิททิรา', 'เสือคง', '622020103'),
('62202010125', '4', 'รัชฎาภรณ์', 'เดชอุดม', '622020103'),
('62202010126', '4', 'ภณิดา', 'เรืองรุ่งโรจน์', '622020104'),
('62202010127', '4', 'จิดาภา', 'มุ่งมาตร์', '622020104'),
('62202010128', 'น', 'วรารัตน์', 'พลแสน', '622020104'),
('62202010129', 'น', 'สุมิตรา', 'ทับแกมแก้ว', '622020104'),
('62202010130', 'น', 'ปวิชญาดา', 'โกยทา', '622020104'),
('62202010131', 'น', 'ณัฐมน', 'เศรษฐีรัตนากูล', '622020104'),
('62202010132', '4', 'ประภาสิริ', 'ศรีสกุล', '622020104'),
('62202010133', '4', 'กมลวัลย์', 'เกิดจินดา', '622020104'),
('62202010134', '4', 'รัชดาพร', 'เสือจุ้ย', '622020104'),
('62202010135', '4', 'กัญญารัตน์', 'บัวสถิตย์', '622020104'),
('62202010136', 'น', 'จุฬาลักษณ์', 'ภมรพืช', '622020104'),
('62202010137', 'น', 'วาทินี', 'ใหม่สุข', '622020104'),
('62202010138', 'น', 'สุชาดา', 'จันทร์ท้าว', '622020104'),
('62202010139', 'น', 'สุพัตรา', 'ทนไทย', '622020104'),
('62202010140', 'น', 'ไพลิน', 'ทองชมภู', '622020104'),
('62202010142', 'น', 'สุวัจนีย์', 'กล้าหาญ', '622020104'),
('62202010144', '3', 'ชิติพัทธ์', 'ลีลาเลอเกียรติ', '622020104'),
('62202010145', '3', 'สงกรานต์', 'เนตรอภิรัตน์', '622020104'),
('62202010146', '4', 'บุษยา', 'อินทมนต์', '622020105'),
('62202010147', '3', 'พัสกร', 'เต็มเปี่ยม', '622020104'),
('62202010148', 'น', 'ฤทธากร', 'แสงสาตรา', '622020104'),
('62202010149', 'น', 'สุชาครีย์', 'จันทร์อินทร์', '622020104'),
('62202010150', 'น', 'ขนิษฐา', 'ทองประสม', '622020104'),
('62202010151', 'น', 'ธัญลักษณ์', 'เฟื่องขจร', '622020104'),
('62202010152', 'น', 'วรนุช', 'แสนจำลอง', '622020104'),
('62202010153', '4', 'ปียาภรณ์', 'อั้งโก๊ะ', '622020102'),
('62202010154', '4', 'วรรณวิสา', 'แซ่ผู่', '622020104'),
('62202010155', 'น', 'สิรามล', 'สรแสดง', '622020104'),
('62202010157', 'น', 'วีระภัทร', 'จำปาหวาย', '622020104'),
('62202010158', 'น', 'ณัฐชา', 'บูรณสรรค์', '622020104'),
('62202010159', '4', 'กชมล', 'แก้วคำธนาคุณ', '622020104'),
('62202010160', 'น', 'ณัฐวรรณ', 'อินพิทักษ์', '622020104'),
('62202010161', '3', 'ธัชพงศ์', 'เทวัญเจริญรักษ์', '622020105'),
('62202010162', '3', 'พงศ์กฤษณ์', 'ศรีสุข', '622020105'),
('62202010163', '4', 'อรุณี', 'พันธ์สาย', '622020105'),
('62202010164', '3', 'นพวิชญ์', 'ไชยรต', '622020103'),
('62202010166', '4', 'อภิชา', 'เรืองวิเศษ', '622020105'),
('62202010167', '4', 'นิลเนตร', 'แปวชัยภูมิ', '622020105'),
('62202010168', '4', 'แพรวพรรณวดี', 'พิสุทธิพจน์', '622020105'),
('62202010169', '4', 'ฐิติมา', 'อินทะวุธ', '622020105'),
('62202010170', '4', 'บุณยชา', 'ประกอบผล', '622020105'),
('62202010171', '4', 'จีรวรรณ', 'คงเนียม', '622020105'),
('62202010172', '4', 'นัทธมน', 'รัตนตรัง', '622020105'),
('62202010173', '4', 'วิราภรณ์', 'ดาธรรม', '622020105'),
('62202010174', '4', 'พิชญาภา', 'รัตนประภา', '622020105'),
('62202010175', '4', 'นพัตพร', 'บุญทรง', '622020105'),
('62202010176', '4', 'นาดา', 'จิ๊เมฆ', '622020105'),
('62202010177', '4', 'ธนวรรณ', 'ทองโสภา', '622020105'),
('62202010178', '4', 'ชนันธร', 'ทองโกฎิ', '622020105'),
('62202010179', '4', 'ชุติกาญจน์', 'ปานเอี่ยม', '622020105'),
('62202010180', '4', 'ชมพูนุช', 'คำประดำ', '622020105'),
('62202010181', 'น', 'อำพร', 'เย็นเจริญ', '622020104'),
('62202010182', 'น', 'ชุติเดช', 'กีรติขันธเขต', '622020104'),
('62202010183', 'น', 'ปิยธิดา', 'ปลายนา', '622020104'),
('62202010185', 'น', 'วลัยภรณ์', 'จันทร์คำ', '622020104'),
('62202010186', '4', 'วริศรา', 'ศิริสวัสดิ์', '622020104'),
('62202010187', '4', 'ภัทรวดี', 'เอกสาร', '622020104'),
('62202010189', '4', 'ศิริวัฒนา', 'แก้ววิชิต', '622020104'),
('62202010190', 'น', 'กรชนก', 'โบษกรนัฏ', '622020104'),
('62202010191', '4', 'ปิยะภรณ์', 'วรรณศิริไพจิตร', '622020104'),
('62202010192', 'น', 'ณัฐนิชา', 'วงศ์สวัสดิ์', '622020104'),
('62202010193', '4', 'อัจฉรานันท์', 'เงินประสิทธิ์', '622020102'),
('62202010194', '4', 'อนิสา', 'ศูนย์คำ', '622020102'),
('62202010195', '4', 'นันท์นภัส', 'ลิมป์ภัสสร', '622020102'),
('62202020001', '4', 'กาญจณธัช', 'โสมาบุตร', '622020201'),
('62202020003', '4', 'ญาดา', 'อาขาร', '622020201'),
('62202020004', '4', 'มธุริน', 'ชมถิ่น', '622020201'),
('62202020005', '4', 'รวิสรา', 'ศรีหะมาตร์', '622020201'),
('62202020006', '4', 'ปวัณรัตน์', 'จรัสอรุณพงศ์', '622020201'),
('62202020007', '4', 'กัญญารัตน์', 'บุญมีฤทธิ์', '622020201'),
('62202020009', '4', 'นริศรา', 'เย็นประเสริฐ', '622020201'),
('62202020010', '4', 'ชนิกามาศ', 'ศรีบุตตะ', '622020201'),
('62202020011', '4', 'อรุณทิพย์', 'คชประภา', '622020201'),
('62202020012', '4', 'บุษกร', 'ยะรังวงษ์', '622020201'),
('62202020013', '4', 'ณัฐณิชา', 'ศิริพงษ์', '622020201'),
('62202020014', '4', 'สหฤทัย', 'รียเกษ', '622020201'),
('62202020015', '4', 'ณัฐพร', 'ดงขาว', '622020201'),
('62202020016', '4', 'พรรณพัชร', 'ศิริไสย', '622020201'),
('62202020017', '4', 'พรพรรณ', 'ฉิมพลี', '622020201'),
('62202020019', '4', 'ธัญวรัตน์', 'ทองบุบผา', '622020201'),
('62202020020', '4', 'มนัสนันท์', 'คล้ายอมร', '622020201'),
('62202020021', '4', 'ภัทราภรณ์', 'เขียวเอม', '622020201'),
('62202020022', '4', 'พนิดา', 'แซ่หวัง', '622020201'),
('62202020023', '4', 'รังสิมา', 'พูลสวัสดิ์', '622020201'),
('62202020024', '4', 'แพรวา', 'อ่วมกระทุ่ม', '622020201'),
('62202020025', '3', 'ณัฐวุฒิ', 'สุดเกษร', '622020201'),
('62202020026', '3', 'ธีรขาติ', 'ปู่แก้ว', '622020201'),
('62202020027', '3', 'วีระศักดิ์', 'นาคศรีเมฆ', '622020201'),
('62202020028', '4', 'วรรษมน', 'สมานเพ็ชร์', '622020201'),
('62202020029', '4', 'ณัฐกมล', 'ยังให้ผล', '622020201'),
('62202020030', '4', 'พลอยชมพู', 'ชมภูโคตร', '622020201'),
('62202020031', '3', 'พัฒวุฒิ', 'สังฆวาส', '622020201'),
('62202020032', '3', 'ธนัช', 'กันหอม', '622020201'),
('62202020033', '3', 'ฐิตินันท์', 'นันทจรรยาวิทย์', '622020201'),
('62202020034', '3', 'โฆษิต', 'สุขประยูร', '622020201'),
('62202020035', '4', 'สุนิชา', 'สุขใส', '622020201'),
('62202020036', '4', 'สุนิสา', 'สงวนศักดิ์', '622020201'),
('62202020037', '4', 'มนัสวี', 'พรพิพัฒน์', '622020201'),
('62202020038', '4', 'ตุลลดา', 'เย็นนุ่ม', '622020201'),
('62202020039', '4', 'ปรางค์ฉาย', 'วัฒแย้ม', '622020201'),
('62202020040', '4', 'นริศรา', 'อุตมา', '622020201'),
('62202020042', '4', 'ศิริลักษณ์', 'รอดเกษม', '622020202'),
('62202020043', '4', 'จันทิมา', 'ภัทรไพโรจน์', '622020202'),
('62202020044', '3', 'ธีรศักดิ์', 'สุนทรารักษ์', '622020202'),
('62202020045', '4', 'แพรวสิริ', 'สมัครเขตร์กิจ', '622020202'),
('62202020046', '4', 'ศุภกานต์', 'แสงทอง', '622020202'),
('62202020048', '4', 'อริสรา', 'สาวะการ', '622020202'),
('62202020049', '4', 'สายธาร', 'แจ้งจิตร', '622020202'),
('62202020051', '4', 'ณัฐณิชา', 'คมขำ', '622020202'),
('62202020052', '4', 'สุทิศา', 'อดิสัย', '622020202'),
('62202020053', '4', 'ประภาพร', 'นิลสีทอง', '622020202'),
('62202020054', '4', 'เกศกนก', 'จำรุณฉาย', '622020202'),
('62202020055', '3', 'วรรธนะ', 'ชูเดช', '622020202'),
('62202020056', '3', 'สุทธิดา', 'วันปัญญา', '622020202'),
('62202020057', '4', 'สโรชา', 'ปัญญาสราวุธ', '622020202'),
('62202020059', '4', 'รสริน', 'มามาก', '622020202'),
('62202020060', '3', 'เซซา', 'มีแน๊ะโมลา', '622020202'),
('62202020061', '4', 'ภาวนา', 'อินทร์พะเนาว์', '622020202'),
('62202020062', '3', 'นพรัตน์', 'น้อยบาท', '622020202'),
('62202020063', '3', 'จักรกฤษณ์', 'สีโห้มี', '622020202'),
('62202020064', '3', 'ชัยยุทธ', 'ทุมมานนท์', '622020202'),
('62202020065', '4', 'กมลวรรณ', 'ชูผลา', '622020202'),
('62202020066', '3', 'จักรพรรดิ์', 'สังฆะบุรี', '622020202'),
('62202020067', '4', 'สุภาพร', 'พุ่มดอกไม้', '622020202'),
('62202020068', '4', 'ทยิดา', 'ลามา', '622020202'),
('62202020069', '4', 'ธัญยธรณ์', 'ทองเริ่ม', '622020202'),
('62202020070', '4', 'เปรมวดี', 'คำสุวรรณ', '622020202'),
('62202020071', '4', 'ชลรสา', 'ผาสุข', '622020202'),
('62202020072', '4', 'เพชรชมพู', 'รัตนพิมาน', '622020202'),
('62202020073', '3', 'ภัคดิท', 'อนุกูล', '622020202'),
('62202020074', '3', 'พีรพล', 'ตระกูลวิวัฒน์', '622020202'),
('62202020075', '3', 'ภูมิพัฒน์', 'วรรณนุลักษณ์', '622020202'),
('62202020076', '4', 'กาญจนา', 'แซ่เอี้ยว', '622020202'),
('62202020077', '4', 'ปัทมา', 'จำวิเศษ', '622020202'),
('62202020078', '4', 'สุกัญญา', 'สำอาง', '622020202'),
('62202020079', '4', 'ปาริชาติ', 'แซ่ตัน', '622020202'),
('62202020080', '3', 'ยศวีร์', 'กิจรุ่งวิโรจน์', '622020202'),
('62202020082', '3', 'ปัญจพล', 'จิราวิชานิธิ', '622020203'),
('62202020083', '4', 'กนกพร', 'สุทธิ', '622020203'),
('62202020084', '4', 'สิรินทรา', 'สีลาโคตร', '622020203'),
('62202020086', '3', 'นฤนาท', 'พิริยะพงศ์ไพโรจน์', '622020203'),
('62202020087', '4', 'ทิพวรรณ', 'คุ้มนุช', '622020203'),
('62202020088', '4', 'ศิรินญา', 'อนุสรศักดิ์', '622020203'),
('62202020089', '4', 'รสริน', 'เทียมชาติ', '622020203'),
('62202020090', '4', 'ฐิติพร', 'เอี่ยมประพาส', '622020203'),
('62202020092', '4', 'ปาริฉัตร', 'ภวาภิรมย์', '622020203'),
('62202020093', '4', 'ฤทัยรัตน์', 'ดวงเนตร', '622020203'),
('62202020094', '4', 'ศิวิตา', 'ศรีวิชัย', '622020203'),
('62202020095', '3', 'ศักดิ์สิทธิ์', 'เหลาบับภา', '622020203'),
('62202020097', '4', 'เกสร', 'หามาฤทธิ์', '622020203'),
('62202020099', '3', 'ศุทธกานต์', 'เสมบุญหล่อ', '622020203'),
('62202020100', '3', 'บุญทวี', 'เพชรโย', '622020203'),
('62202020101', '4', 'รัตติกานต์', 'ศรน้อย', '622020203'),
('62202020102', '3', 'พีรพล', 'หว่างวิวัฒน์', '622020203'),
('62202020103', '4', 'พิมพ์วิมล', 'สท้านวงค์', '622020203'),
('62202020104', '4', 'นฤมล', 'แรงรอบ', '622020203'),
('62202020105', '4', 'ศิริมาพร', 'ทิพวรรณ', '622020203'),
('62202020106', '4', 'ชาริสา', 'สิงห์ลอ', '622020203'),
('62202020107', '4', 'บุษยมาศ', 'บุญเขียว', '622020203'),
('62202020108', '4', 'สายสุรีย์', 'วงษ์ธรรม', '622020203'),
('62202020109', '3', 'พรประเสริฐ', 'ปังอุทา', '622020203'),
('62202020110', '4', 'ธาราทิพย์', 'สุทำมา', '622020203'),
('62202020111', '3', 'หลักทรัพย์', 'เกตุแก้ว', '622020203'),
('62202020112', '4', 'น้ำทิพย์', 'สีมุดดา', '622020203'),
('62202020113', '3', 'กิตติ', 'ผู้มีทรัพย์', '622020203'),
('62202020114', '4', 'พรพิมล', 'ธรรมวงค์', '622020203'),
('62202020115', '4', 'แพรวา', 'แจ่มดอน', '622020201'),
('62202020116', '4', 'นฤพร', 'เย็นใจ', '622020203'),
('62202020117', '4', 'สรินญา', 'วงศ์อนุ', '622020201'),
('62202020118', '3', 'ยศนันท์', 'ทองเก๋ง', '622020203'),
('62202020119', '3', 'ธีรวัต', 'แซ่ปึง', '622020201'),
('62202020120', '4', 'จตุพร', 'ม่วงทอง', '622020203'),
('62202020121', '4', 'วิภาดา', 'กลีบกระโทก', '622020203'),
('62202020122', '4', 'พรชิตา', 'ลาภขุนทด', '622020203'),
('62202020123', '3', 'อนันตชัย', 'รักขัน', '622020203'),
('62202020124', '3', 'ธนพล', 'เบญจสวัสดิ์', '622020201'),
('62202020125', '4', 'กัญญาณัฐ', 'แฉกพิมาย', '622020201'),
('62202020126', '4', 'เพ็ญพิสุทธิ', 'แย้มเกตุ', '622020201'),
('62202020127', '3', 'ธนากร', 'แป้นยิ้ม', '622020202'),
('62202020129', '3', 'ธนกฤต', 'เที่ยงอยู่', '622020202'),
('62202020130', '4', 'อรพรรณ', 'แก้วใหม่', '622020201'),
('62202020131', '4', 'สุภัคนา', 'กองแก้ว', '622020201'),
('62202020133', '4', 'วิไลรัตน์', 'วิเศษสุวรรณ', '622020201'),
('62202020134', '3', 'ณัฐพงษ์', 'พลทุมมา', '622020202'),
('62202020135', '4', 'รัตติกาล', 'ศรีสุขยิ่ง', '622020202'),
('62202020137', '3', 'ธนพัฒน์', 'แย้มยินดี', '622020202'),
('62202020138', '3', 'จีระพล', 'บุญทน', '622020202'),
('62202020140', '3', 'จีรภัทร', 'พวงผกา', '622020202'),
('62202020142', '3', 'ธีรศักดิ์', 'ศรีรักษา', '622020203'),
('62202020143', '3', 'ทินภัทร', 'อุ่นเจริญ', '622020203'),
('62202020144', '3', 'ณัฐชนน', 'สารฤทธิ์', '622020203'),
('62202020145', '3', 'ณัฐพงษ์', 'เมฆลอย', '622020203'),
('62202020146', '4', 'กนกพร', 'เรือนอิ่น', '622020203'),
('62202020147', '3', 'ธาราเทพ', 'สิมมา', '622020203'),
('62202020149', '3', 'ธนภัทร', 'ไชยศรี', '622020203'),
('62202020150', '4', 'พรไพลิน', 'ธรรมรัตน์', '622020203'),
('62202020151', '3', 'พัทธนนท์', 'เขางาม', '622020203'),
('62202020152', '3', 'นพณัฐ', 'ลาวหาง', '622020202'),
('62202020153', '3', 'ปัญจทรัพย์', 'ปรางทอง', '622020204'),
('62202020154', '4', 'ยูคาริ', 'โยโกยามะ', '622020204'),
('62202020155', '4', 'อภิสรา', 'พรามฉิม', '622020204'),
('62202020156', '4', 'วีรินดา', 'เทศรุ่งเรือง', '622020204'),
('62202020157', '4', 'ณัชชา', 'ชื่นชม', '622020204'),
('62202030001', '4', 'ปัทมวรรณ', 'มะระทา', '622020301'),
('62202030002', '4', 'อชิตา', 'ชมสน', '622020301'),
('62202030003', '4', 'ภาณุมาส', 'เอี่ยมกิจการ', '622020301'),
('62202030004', '4', 'ศศิประภา', 'ศรีสุข', '622020301'),
('62202030005', '4', 'มานิตา', 'สดมุ้ย', '622020301'),
('62202030006', '4', 'นาเดีย', 'อินตา', '622020301'),
('62202030007', '4', 'อนุธิดา', 'บุญชู', '622020301'),
('62202030008', '4', 'ธารารัตน์', 'อ่วมกระทุ่ม', '622020301'),
('62202030009', '3', 'เตชะทัต', 'สอนทะ', '622020301'),
('62202030011', '3', 'ทัศนะ', 'เสียงหวาน', '622020301'),
('62202030013', '4', 'ศศิพรรณ์', 'กล่อมกลาง', '622020301'),
('62202030016', '4', 'บุษมากร', 'เยาวะภา', '622020301'),
('62202030017', '4', 'ปนัดดา', 'สมนึก', '622020301'),
('62202030018', '3', 'อาทิตย์', 'คำสอน', '622020301'),
('62202040001', 'น', 'นฤเบศ', 'ไกรสำรวม', '622020401'),
('62202040002', 'น', 'ปัณณธร', 'กล่องเพ็ชร', '622020401'),
('62202040003', 'น', 'ฐานิศภูมิ', 'ยี่สุ่น', '622020401'),
('62202040004', 'น', 'ประภัสสร', 'เถื่อนพรม', '622020401'),
('62202040005', 'น', 'ธวัชชัย', 'ทวีโคตร', '622020401'),
('62202040006', 'น', 'พีรดนย์', 'อาจหาญ', '622020401'),
('62202040007', 'น', 'ฉันท์ทิพฐ์', 'ตั้งจิรมงคล', '622020401'),
('62202040008', 'น', 'นันท์นภัส', 'สรสิทธิ์', '622020401'),
('62202040009', 'น', 'สุขุม', 'พวงแสงเพ็ญ', '622020401'),
('62202040010', 'น', 'ประภัสสร', 'ขันธพงษ์วารี', '622020401'),
('62202040011', 'น', 'ลลิตภัทร', 'หมวดเชียงคะ', '622020401'),
('62202040012', 'น', 'ชลัฐศร', 'นาคเสน่ห์', '622020401'),
('62202040013', 'น', 'สุรัสวดี', 'ปิ่นมิ่ง', '622020401'),
('62202040014', 'น', 'รพีวัจน์', 'นิลวงษ์', '622020401'),
('62202040015', 'น', 'ธีรเดช', 'นาคศรีเมฆ', '622020401'),
('62202040016', 'น', 'ณิชา', 'เดชะรัศมี', '622020401'),
('62202040017', 'น', 'ธิดารัตน์', 'เมฆลอย', '622020401'),
('62202040018', 'น', 'อานนท์', 'พิมพ์แน่น', '622020401'),
('62202040020', 'น', 'พิมปภัทร', 'เครือบุญ', '622020401'),
('62202040021', 'น', 'ณัฐพล', 'ธุระศักดิ์', '622020401'),
('62202040023', 'น', 'ทศพร', 'วงศ์ขวัญเมือง', '622020401'),
('62202040024', 'น', 'อภิรักษ์', 'ช่วยเหลือ', '622020401'),
('62202040025', 'น', 'อริณ', 'พิมพ์สอาด', '622020401'),
('62202040027', 'น', 'พิพัฒน์', 'ช่อทองดี', '622020401'),
('62202040028', 'น', 'ณรงค์กร', 'จุลหงษ์', '622020401'),
('62202040029', 'น', 'อภิชาติ', 'เชื้อคมตา', '622020401');
INSERT INTO `ac_std` (`student_id`, `prefix_id`, `stu_fname`, `stu_lname`, `group_id`) VALUES
('62202040030', 'น', 'ไพบูรณ์', 'สาสม', '622020401'),
('62202040031', 'น', 'รัตนพร', 'นาควิเชียร', '622020401'),
('62202040032', 'น', 'ณัฐฐาภรณ์', 'คุ้มพงษ์', '622020401'),
('62202040033', 'น', 'ณัฐกานต์', 'รัตนกุล', '622020401'),
('62202040034', 'น', 'จุฑารัตน์', 'สมโพค', '622020401'),
('62202040037', 'น', 'ศศิวรรณ', 'ลาภประเสริฐ', '622020401'),
('62202040038', 'น', 'ณัฐพร', 'ราชสร้อย', '622020401'),
('62202040039', 'น', 'ศุภเลิศ', 'ปัญศักดิ์ปราการ', '622020401'),
('62202040041', '3', 'ปัญญวัต', 'ศรีปัญญา', '622020402'),
('62202040042', '3', 'นิธิกร', 'สุขผึ้ง', '622020402'),
('62202040043', '3', 'อเนชา', 'จิววิชัย', '622020402'),
('62202040044', '4', 'อาริยา', 'เอี่ยมสะอาด', '622020402'),
('62202040045', '3', 'ภราดร', 'พุ่มวิจิตร', '622020402'),
('62202040046', '4', 'ร่มเกศ', 'อำนวยผล', '622020402'),
('62202040047', '4', 'ธิดารัตน์', 'นุ่มน้อย', '622020402'),
('62202040048', '4', 'วรรณวลี', 'หมายถมกลาง', '622020402'),
('62202040049', '3', 'ธนธร', 'เปรมปรี', '622020402'),
('62202040050', '3', 'ภาณุวิชญ์', 'อัศดง', '622020402'),
('62202040051', '4', 'อมรรัตน์', 'กล้าหาญ', '622020402'),
('62202040052', '4', 'ณัฐภรณ์', 'ฤทธิ์ถาวร', '622020402'),
('62202040053', '3', 'ทรงพล', 'แสงบัณฑิต', '622020402'),
('62202040054', '4', 'ณัฐชา', 'แจ่มอำพร', '622020402'),
('62202040055', '4', 'กมลวรรณ', 'จันทร', '622020402'),
('62202040056', '4', 'วนาลี', 'โหสุวรรณ์', '622020402'),
('62202040057', '4', 'ปนิดา', 'สิงห์อาจ', '622020402'),
('62202040058', '4', 'ศรินทิพ', 'ศรีพล', '622020402'),
('62202040059', '3', 'บุญญพัฒน์', 'บุญหนุน', '622020402'),
('62202040061', '3', 'มานิตย์', 'แก้วนาวี', '622020402'),
('62202040062', '3', 'ฉัตริน', 'ฉ่ำเชิดอนันตกูล', '622020402'),
('62202040063', '3', 'วชิรวิทย์', 'ศิริชัย', '622020402'),
('62202040064', '4', 'ภิญญาพัชร์', 'อริยหิรัญฐิติ', '622020402'),
('62202040065', '4', 'ภัทราพร', 'บัวคลี่', '622020404'),
('62202040066', '3', 'อัครวัฒน์', 'หลีน้อย', '622020402'),
('62202040067', '3', 'สุธน', 'อินต้นวงค์', '622020402'),
('62202040068', '4', 'อรวรรณ', 'วรรณกนก', '622020404'),
('62202040069', '3', 'พีรพล', 'พิกุลแก้ว', '622020402'),
('62202040070', '3', 'อนพัช', 'คำสุขสวัสดิ์', '622020402'),
('62202040071', '3', 'เสกสันต์', 'สุดหล้า', '622020402'),
('62202040073', '3', 'ปุณยวีร์', 'แสงเสวต', '622020402'),
('62202040074', '3', 'นนทกร', 'เหมวัตร', '622020402'),
('62202040075', '3', 'พีรวัส', 'ละอองเภา', '622020402'),
('62202040076', '3', 'ธีรภัทร', 'เพิ่มศรีเดช', '622020402'),
('62202040077', '4', 'ศิริการน์', 'จันทร์เพ็ง', '622020404'),
('62202040078', '4', 'ปาณิสรา', 'โพธิ์เจริญ', '622020402'),
('62202040079', '3', 'ธเนศพล', 'บุญขะจาย', '622020402'),
('62202040080', 'น', 'กัลยรัตน์', 'พิมพ์รัตน์', '622020401'),
('62202040081', '4', 'ฐานิดา', 'เดือนขาว', '622020403'),
('62202040082', '4', 'อภิสรา', 'มาลีรักษ์', '622020403'),
('62202040083', '4', 'สวรินทร์ทร', 'วีร์ศิริ', '622020403'),
('62202040084', '4', 'วัชราภรณ์', 'เสาวรัตน์', '622020403'),
('62202040085', '4', 'พรจรัส', 'น่วมกานนท์', '622020403'),
('62202040086', '4', 'จุฑามาศ', 'จันทร์ต๊ะไชย', '622020403'),
('62202040087', 'น', 'ธนวัฒน์', 'เฉยพ่วง', '622020401'),
('62202040088', '4', 'อรวรรณ', 'ประเสริฐศรี', '622020403'),
('62202040089', '4', 'อนงค์นาฏ', 'ไวว่อง', '622020403'),
('62202040090', '4', 'ชนิดา', 'ลิ้มประเสริฐ', '622020403'),
('62202040091', '4', 'อังคนา', 'พิมพาแสง', '622020403'),
('62202040093', '3', 'ปัณณวัชร์', 'ไพศาลอมรมงคล', '622020403'),
('62202040094', '3', 'ธนวัฒน์', 'เหลือพร้อม', '622020403'),
('62202040095', '3', 'ธนภัทร', 'ชาญชาตรีรัตน์', '622020403'),
('62202040096', '3', 'สิทธิพล', 'จันทร์ทองเจือ', '622020403'),
('62202040097', '3', 'รัตนชัย', 'มูลทัน', '622020403'),
('62202040098', '3', 'ธิเบต', 'เทพศิริ', '622020403'),
('62202040099', '3', 'ศิริชัย', 'นิวาโต', '622020403'),
('62202040100', '3', 'อธิโรจน์', 'รุ่งสินธนาพัฒน์', '622020403'),
('62202040101', '3', 'พัฒนศักดิ์', 'โพธิ์พา', '622020403'),
('62202040102', '4', 'อักษิกา', 'จันเทวี', '622020403'),
('62202040103', '3', 'พิวรรธน์', 'ชัชวาลพรมราช', '622020403'),
('62202040104', '3', 'รังสรรค์', 'เสงี่ยมพันธ์', '622020403'),
('62202040105', '4', 'อุทัยวรรณ', 'เหมือนทอง', '622020403'),
('62202040106', '3', 'ธนวัฒน์', 'สุวรรณโยธี', '622020403'),
('62202040107', '4', 'ธมนต์', 'พูนกิตติสุข', '622020403'),
('62202040108', '4', 'นนท์ธิดา', 'เทียนสถาพร', '622020403'),
('62202040109', '4', 'กัญญารัตน์', 'ลำนัย', '622020403'),
('62202040110', '4', 'วรัชญา', 'พันธุ์หอม', '622020403'),
('62202040111', 'น', 'ธันวา', 'ปานมงคล', '622020401'),
('62202040112', '3', 'ธรรมธาดา', 'คำสุริย์', '622020403'),
('62202040113', '3', 'สิรวิชญ์', 'พันธ์เกษกรณ์', '622020403'),
('62202040114', '3', 'ศุภณัฐ', 'อุปพงษ์', '622020403'),
('62202040115', '3', 'พสธร', 'หะโท', '622020403'),
('62202040116', '4', 'กวิสรา', 'จิตรดา', '622020404'),
('62202040117', '3', 'พีรพัฒน์', 'นิลแนม', '622020403'),
('62202040118', '3', 'จิรพัฒน์', 'จันทร์หอม', '622020403'),
('62202040119', '3', 'ฤชากร', 'ชูเดช', '622020403'),
('62202040120', '3', 'เศรษฐพงศ์', 'ไชยวรสิทธิ์', '622020403'),
('62202040121', '3', 'กิตติศักดิ์', 'ปัญญาสิทธิ์', '622020404'),
('62202040122', '3', 'ธีรภัทร์', 'อัตมียานัน', '622020404'),
('62202040123', '3', 'กฤตภาส', 'ควรพฤกษ์', '622020404'),
('62202040124', '3', 'กรพัฒน์', 'สุขมานพ', '622020404'),
('62202040125', 'น', 'ชินวัตร', 'ปิ่นศรี', '622020401'),
('62202040126', '3', 'พิชิตชัย', 'นันทวีราช', '622020404'),
('62202040127', '3', 'จิรภัทร', 'แก้วอำไพ', '622020404'),
('62202040128', '3', 'เมธาสิทธิ์', 'เหตุเกษ', '622020404'),
('62202040129', '3', 'ธนกฤต', 'มะลาศรี', '622020404'),
('62202040130', '3', 'วรศักดิ์', 'ทองดี', '622020404'),
('62202040131', '3', 'นนทพัทธ์', 'วงษ์จ่อน', '622020404'),
('62202040132', '3', 'ปัญญา', 'ปัญโญ', '622020404'),
('62202040133', '3', 'ธีรภัทร', 'กันฉาย', '622020404'),
('62202040134', '3', 'วีระวุฒิ', 'อัฐแป', '622020404'),
('62202040135', '3', 'นัชชนนท์', 'อุดมรัตนา', '622020404'),
('62202040136', '3', 'ณัฐภัทร', 'สีลาโคตร', '622020403'),
('62202040137', '3', 'จักรพงษ์', 'นิลแก้ว', '622020403'),
('62202040138', '4', 'สุภชา', 'มาจันทร์', '622020404'),
('62202040139', '3', 'ตะวัน', 'บัวน้อย', '622020403'),
('62202040140', '3', 'ศุภวิชญ์', 'สดากร', '622020403'),
('62202040141', '3', 'ธีรพงษ์', 'อึ้งบรรจง', '622020402'),
('62202040142', '3', 'ชูศักดิ์', 'ขันทะเสน', '622020402'),
('62202040143', '3', 'สหชล', 'กิจสมัย', '622020402'),
('62202040144', '4', 'สริญญา', 'เครือวงศ์', '622020404'),
('62202040145', '3', 'ณัฐนันท์', 'บุญยัง', '622020404'),
('62202040146', '3', 'กรวีร์', 'วงศ์พยัคฆ์', '622020404'),
('62202040147', '3', 'วรันธร', 'ลูกเมือง', '622020404'),
('62202040148', '3', 'สหัสนัยน์', 'สุขทวี', '622020404'),
('62202040149', '3', 'วีรภัทร', 'พรหมรอด', '622020404'),
('62202040150', '4', 'เพชรรัตน์', 'กุณฑลจินดา', '622020404'),
('62202040151', '3', 'กิตติ', 'เจริญพรตระกูล', '622020404'),
('62202040152', '3', 'รวีโรจน์', 'เปรมะสุด', '622020404'),
('62202040153', '3', 'เจษฏาภรณ์', 'ชินสีหา', '622020404'),
('62202040154', '3', 'พงศกร', 'ศรีงาม', '622020404'),
('62202040155', '3', 'กิตติพศ', 'ศรีน้อย', '622020404'),
('62202040156', '3', 'ภูเขตต์', 'ปูรณะวิบูรณ์', '622020404'),
('62202040157', '3', 'ธนวัฒน์', 'อุนะรัตน์', '622020404'),
('62202040158', '4', 'กรวิภา', 'สังฆะพันธ์', '622020404'),
('62202040159', '4', 'นริศรา', 'พาพันธ์', '622020404'),
('62202040160', '3', 'รุ่งโรจน์', 'อินทรสะโก', '622020404'),
('62202040161', '4', 'ปาลิตา', 'นาสืบ', '622020404'),
('62202040162', '3', 'เมฆภัทร', 'พิศวาท', '622020404'),
('62202040163', '4', 'วริศรา', 'ผิลา', '622020404'),
('62202040164', '3', 'จิณณทัต', 'ภิรมย์เณร', '622020404'),
('62202040165', '3', 'จักรภัทร', 'คิดดี', '622020404'),
('62202040167', 'น', 'สุทธิภัทร', 'ห่อถาวร', '622020401'),
('62202040168', 'น', 'กฤตพร', 'ฉัตรจิ๋ว', '622020401'),
('62202040169', 'น', 'วิทวัส', 'เรืองไพศาล', '622020401'),
('62202040170', 'น', 'กฤษณะ', 'การโชควดี', '622020401'),
('62202040171', '3', 'ณภัทร', 'อินสว่าง', '622020402'),
('62202040172', '4', 'ศศิมา', 'พยัพเมฆ', '622020402'),
('62202040173', '3', 'จรัลนวีร์', 'จันทร์แก้ว', '622020402'),
('62202040175', '3', 'สิรธีร์', 'มีลาย', '622020402'),
('62202040176', '3', 'ธีรยุทธ', 'คูเกรียงไกร', '622020402'),
('62202040177', '4', 'วันวิสา', 'อินทนา', '622020402'),
('62202040178', '3', 'พงศธร', 'น้อยแดง', '622020403'),
('62202040179', '4', 'อทิตยา', 'พรหมทองสกุล', '622020403'),
('62202040180', '4', 'สุชัญญา', 'เฉยพ่วง', '622020403'),
('62202040181', '3', 'ณัฐวัฒน์', 'วันมหาใจ', '622020403'),
('62202040183', '4', 'สุชาดา', 'มะลิทอง', '622020403'),
('62202040184', '4', 'ธัญญะรัตน์', 'ธนพัฒน์วฤทธิ์', '622020404'),
('62202040185', '3', 'ยุทธภูมิ', 'วงษ์สวัสดิ์', '622020404'),
('62202040186', '3', 'สุรเชษฐ์', 'เจริญยิ่ง', '622020404'),
('62202040187', '4', 'นิรุชา', 'ขุนโต', '622020404'),
('62202040188', '3', 'ภัทรดนัย', 'แซ่ล้อ', '622020404'),
('62202040190', '3', 'นรากรณ์', 'มณีอภิฐา', '622020404'),
('62202110001', '4', 'วรรณิสา', 'สิมมา', '622021102'),
('62202110002', '4', 'เมษา', 'สิงห์จานุสงค์', '622021102'),
('62202110003', '4', 'พัชรินทร์', 'จำปาหอม', '622021101'),
('62202110004', '4', 'บุษราคัม', 'จันดี', '622021101'),
('62202110006', '4', 'อารียา', 'ศิริสังข์', '622021102'),
('62202110007', '4', 'วราภรณ์', 'ผลยิ่ง', '622021101'),
('62202110008', '4', 'กาญจนธัช', 'รุ่งเรือง', '622021101'),
('62202110009', '4', 'ศีภัสสร', 'สาตรปรีดี', '622021101'),
('62202110010', '4', 'พิจิตตรา', 'ศรีเกตุจริน', '622021102'),
('62202110011', '4', 'ณัฏฐณิชา', 'ท่องกระโทก', '622021102'),
('62202110012', '4', 'พิณาวรรณ', 'บัวทอง', '622021102'),
('62202110013', '4', 'อภิรตา', 'บินมั่น', '622021102'),
('62202110014', '4', 'ปนัดดา', 'มิสรัตน์', '622021101'),
('62202110015', '4', 'กวินทิพย์', 'ตรวจงูเหลือม', '622021102'),
('62202110016', '4', 'มณณิชา', 'กลอยยิ่ง', '622021102'),
('62202110018', '4', 'ชินอาภา', 'สนธิ์ทิม', '622021101'),
('62202110019', '4', 'ไพลิน', 'จันทร์หอม', '622021102'),
('62202110020', '3', 'ขจรเดช', 'จำปาทอง', '622021101'),
('62202110021', '3', 'สุวิทย์', 'แซ่ปึง', '622021101'),
('62202110022', '3', 'ธนรัตน์', 'พรรณโรจน์', '622021101'),
('62202110023', '4', 'มนทิราลัย', 'ขันสีทา', '622021101'),
('62202110024', '4', 'พรนภา', 'แสนทวีสุข', '622021102'),
('62202110025', '3', 'อุกฤษณ์', 'ศรีมโนเสาวภาคย์', '622021101'),
('62202110026', '4', 'ลลิตา', 'พุกพันธุ์', '622021102'),
('62202110027', '3', 'อนณ', 'อันทะศรี', '622021102'),
('62202110028', '4', 'เปมิกา', 'จาราษฎร์', '622021102'),
('62202110029', '4', 'เสาวลักษณ์', 'รุจิแสวง', '622021101'),
('62202110030', '3', 'นันฐวุฒิ', 'หลีทับ', '622021101'),
('62202110031', '4', 'ประภัสสร', 'วันรอด', '622021102'),
('62202110032', '4', 'ธนพร', 'ขำเขียน', '622021101'),
('62202110034', '3', 'จิรชัย', 'เนตรวัน', '622021101'),
('62202110035', '4', 'นภาพร', 'สิทธิศาสตร์', '622021101'),
('62202110036', '4', 'จรรยพร', 'มณีวงษ์', '622021102'),
('62202110037', '4', 'ปนิชา', 'สุจริตจันทร์', '622021101'),
('62202110038', '3', 'ชนะธิป', 'สุเทศ', '622021101'),
('62202110039', '3', 'กฤตภาส', 'ธรรมโคตร', '622021101'),
('62202110040', '4', 'ศิรินุช', 'เกตุนอก', '622021101'),
('62202110041', '4', 'อมราพร', 'พลอยเล็ก', '622021102'),
('62202110042', '4', 'นฤนาท', 'บุนนาค', '622021102'),
('62202110043', '4', 'เกตน์สิรี', 'ไชยทิพย์', '622021102'),
('62202110044', '4', 'กมลวรรณ', 'บำรุงศรี', '622021101'),
('62202110045', '4', 'ณิชารีย์', 'บุญชูดาวเรือง', '622021102'),
('62202110046', '4', 'สุพรรษา', 'เข็มทอง', '622021101'),
('62202110047', '3', 'ทรัพย์ปริญญา', 'โสภาคย์', '622021101'),
('62202110048', '4', 'ทักษิณา', 'ศรีคำหอม', '622021101'),
('62202110049', '3', 'อนุพงษ์', 'พลอยพลาย', '622021102'),
('62202110050', '3', 'อติเทพ', 'โพธิ์เรือง', '622021101'),
('62202110052', '3', 'ทัศนัย', 'กางทา', '622021101'),
('62202110053', '3', 'ธนกร', 'คุ้มกุดหว้า', '622021101'),
('62202110054', '4', 'ดาวนภา', 'แซ่จ่าง', '622021102'),
('62202110059', '3', 'ศุภชีพ', 'แซ่ว่าง', '622021102'),
('62202110060', '3', 'สุรพงษ์', 'ชูจิตไพบูลย์', '622021102'),
('62202110061', '3', 'ธนพล', 'แซ่ว่าง', '622021102'),
('62202110062', '4', 'สุนิสา', 'แซ่ลี', '622021102'),
('62202110063', '4', 'กัลย์สุดา', 'แสงสว่าง', '622021102'),
('62202110064', '4', 'รดา', 'แซ่จ๊ะ', '622021102'),
('62202110065', '4', 'ศศิธร', 'กิจเจริญ', '622021102'),
('62202110066', '4', 'แสนแก้ว', 'กลิ่นมณฑา', '622021102'),
('62202110067', '4', 'นันทิกานต์', 'แซ่สง', '622021102'),
('62202110068', '3', 'ศุภณัฐ', 'โชคอภินันท์', '622021102'),
('62202110069', '3', 'พงศกร', 'บุญศักดิ์', '622021102'),
('62202110070', '3', 'ตะวัน', 'จันทีเทศ', '622021102'),
('62202110071', '3', 'ณัฐมิตร', 'อุผา', '622021102'),
('62202110072', '4', 'วชิรวิทย์', 'ศิริบูรณ์', '622021102'),
('62202110073', '3', 'ก้องภพ', 'แจ้งจิต', '622021102'),
('62202110074', '4', 'ศรัณย์ภัทร', 'แก้วเล็ก', '622021102'),
('62202110075', '3', 'วุฒิชัย', 'สุดประพันธ์', '622021102'),
('62202110076', '3', 'ชัยสิทธิ์', 'พรมสนิท', '622021102'),
('62202110079', '3', 'วิศณุ', 'คชอาภรณ์', '622021102'),
('62202110080', '4', 'ศิรภัสสร', 'สโมสร', '622021102'),
('62202110081', '4', 'มุทิตา', 'มูลบ้านดง', '622021102'),
('62202120001', '4', 'กัญญาณัฐ', 'พุ่มพฤกษ์', '622021201'),
('62202120002', '4', 'นิรัชพร', 'กระจ่างวัฒนะ', '622021201'),
('62202120003', '4', 'นฤมล', 'ผัดเวิ้น', '622021201'),
('62202120004', '4', 'ธันยธรณ์', 'จิตรจูล', '622021201'),
('62202120005', '4', 'ณัฐณิชา', 'ราษี', '622021201'),
('62202120006', '4', 'ภัทรภรณ์', 'โคตรวงศ์', '622021201'),
('62202120007', '4', 'รำไพพรรณ', 'พูลเจริญ', '622021202'),
('62202120008', '4', 'ศรัญญา', 'ไทยเจริญ', '622021202'),
('62202120009', '4', 'ฐิตาพร', 'อมรนพคุณ', '622021202'),
('62202120010', '4', 'ฐิตาภา', 'อมรนพคุณ', '622021202'),
('62202120012', '4', 'สุพรรณวสา', 'ตรัยรัตน์อภิวัน', '622021202'),
('62202120013', '4', 'ฐานิสร', 'เครือยิหวา', '622021202'),
('62202120014', '4', 'ชลธิชา', 'ศรีวิลัย', '622021201'),
('62202120015', '4', 'ภัทรนันท์', 'อำพันธ์ทรัพย์', '622021202'),
('62202120016', '3', 'บดินทร์', 'บุญเรือง', '622021202'),
('62202120018', '4', 'จิดารัตน์', 'วงษาราช', '622021202'),
('62202120019', '3', 'กิตติ์ลภัส', 'เจริญรุ่งเรืองชัย', '622021202'),
('62202120020', '3', 'ณัฐวุฒิ', 'หน่อโนรี', '622021202'),
('62202120021', '4', 'ลลิตา', 'ภูนาเหนือ', '622021202'),
('62202120022', '3', 'ธีรวัฒน์', 'สุรนารถ', '622021201'),
('62202120026', '4', 'ขนิษฐา', 'อุบลแย้ม', '622021201'),
('62202120027', '3', 'ปุญญาวีร์', 'สุจิตร์มนัส', '622021201'),
('62202120028', '4', 'วันดี', 'ไม่ปรากฎนามสกุล', '622021201'),
('62202120029', '4', 'จันทรรัตน์', 'สืบวิสัย', '622021201'),
('62202120030', '3', 'ธิปไตย', 'โกสะรุททะ', '622021201'),
('62202120031', '4', 'จิราภรณ์', 'คำโท', '622021202'),
('62202120032', '4', 'ธิดาภรณ์', 'ชนะวงค์วัฒน', '622021202'),
('62202120033', '4', 'สุพรรณษา', 'ประเสริฐชนะชัย', '622021202'),
('62202120034', '4', 'สุภาพร', 'สว่างศรี', '622021202'),
('62202120035', '4', 'รวิวรรณ', 'ชิดชมนาท', '622021202'),
('62202120036', '4', 'สวรินทร์', 'หมั่นซ่อม', '622021202'),
('62202120037', '4', 'อันธิกา', 'ทวีโชติ', '622021202'),
('62202120038', '4', 'ศิชาริณี', 'ทองเกิด', '622021202'),
('62202120039', '3', 'ธงชัย', 'ไขแสง', '622021201'),
('62202120040', '4', 'สุวิมล', 'อาวร', '622021201'),
('62202120041', '4', 'มุตทิตา', 'อาบุญงาม', '622021201'),
('62202120042', '3', 'ธงชัย', 'แซ่อึ้ง', '622021201'),
('62202120043', '3', 'อิทธิพล', 'ตาขาว', '622021201'),
('62202120044', '4', 'ภัทรลดา', 'ทองยา', '622021201'),
('62202120045', '4', 'วนัสนันท์', 'หนูฤกษ์', '622021201'),
('62202120046', '3', 'นริศ', 'เมฆแย้ม', '622021201'),
('62202120047', '4', 'ปิยาพร', 'จักรี', '622021201'),
('62202120048', '4', 'สุพรรษา', 'มีฤทธิ์', '622021201'),
('62202120049', '3', 'วรเชษฐ์', 'กาญจินดา', '622021201'),
('62202120050', '4', 'ขวัญจิรา', 'ฉิมวิเศษ', '622021201'),
('62202120051', '4', 'ณัฎฐาภรณ์', 'บุญอุ่นทรัพย์', '622021201'),
('62202120052', '4', 'มัลลิกา', 'คำภา', '622021201'),
('62202120053', '4', 'นันทิชา', 'ทองคำแม้นศรี', '622021201'),
('62202120055', '4', 'วารุณี', 'เต็งศิริ', '622021201'),
('62202120056', '3', 'ภาณุพงค์', 'คันธวงอินทร์', '622021201'),
('62202120057', '3', 'ภควัต', 'มุขโต', '622021201'),
('62202120058', '4', 'อริศรา', 'แพน้อย', '622021201'),
('62202120059', '4', 'นุชนดา', 'นุดไน', '622021201'),
('62202120060', '3', 'ธนากร', 'พิทักษ์ปฐมพงศ์', '622021201'),
('62202120061', '4', 'ภาณี', 'พิกุลกลิ่น', '622021201'),
('62202120062', '4', 'ภัทรธิดา', 'กาเหว่า', '622021201'),
('62202120063', '4', 'ปิยวรรณ', 'ถิ่นอ่วน', '622021201'),
('62202120064', '4', 'ธัญญพัทธ์', 'เจริญจตุพรไพศาล', '622021201'),
('62202120065', '4', 'ชลลดา', 'ศรีโชค', '622021202'),
('62202120066', '4', 'ชลลัมพีภ์', 'สุราษฎารมย์', '622021202'),
('62202120067', '3', 'ภูมิรพี', 'กนกภัยพิพัฒน์', '622021202'),
('62202120068', '3', 'ฐิติวัชร์', 'ธีรวัตรวรกุล', '622021202'),
('62202120069', '4', 'ปารีณา', 'มหาสุข', '622021202'),
('62202120070', '4', 'ภัทรา', 'ไชยภักดี', '622021202'),
('62202120071', '4', 'พรภิมล', 'หรูรัตนสิน', '622021202'),
('62202120072', '4', 'ณัฐนิชา', 'ภัทสานนท์', '622021202'),
('62202120073', '4', 'ศศิญา', 'วิศรีสิทธิ์', '622021202'),
('62202120074', '4', 'แสงดาว', 'อ่ำสำอางค์', '622021202'),
('62202120075', '3', 'นิธิกฤต', 'ปัญจธนมงคล', '622021202'),
('62202120076', '4', 'ปทิตตา', 'สังข์มี', '622021202'),
('62202120077', '4', 'กนกพร', 'บางสี', '622021202'),
('62202120078', '4', 'บัณฑิตา', 'ทัศมี', '622021202'),
('62202120079', '4', 'อนุธิดา', 'แย้มบาน', '622021202'),
('62202120080', '4', 'วนิดา', 'ชาญอาวุธ', '622021202'),
('62202120081', '4', 'ศุภนัฏฐ์', 'บัณฑิตเจริญเลิศ', '622021202'),
('62202120082', '4', 'บุญปลื้ม', 'พันธุ์อุบล', '622021202'),
('62207010001', '4', 'แพรววา', 'ขำเนตร์', '622070101'),
('62207010002', '4', 'ณิชย์ถกานต์', 'วงศ์แดง', '622070101'),
('62207010003', '3', 'กฤษฎา', 'ศรีจุ้ยซ้าย', '622070101'),
('62207010004', '4', 'ประภัสรา', 'ฤทธิเดช', '622070101'),
('62207010005', '4', 'วรินทร', 'มั่นคง', '622070102'),
('62207010006', '4', 'ลักชิกา', 'มั่นคง', '622070102'),
('62207010007', '4', 'อัยลดา', 'ประทุมพวง', '622070101'),
('62207010008', '4', 'บุณฑริกา', 'จุ้ยนิยม', '622070101'),
('62207010011', '4', 'สิริมา', 'สมมะลิ', '622070101'),
('62207010013', '4', 'เกวลิน', 'สมบูรณ์', '622070101'),
('62207010014', '4', 'ญาณาธิป', 'นรินทรกุล ณ อยุธยา', '622070101'),
('62207010015', '4', 'อมรรัตน์', 'ไทรสุวรรณ', '622070101'),
('62207010016', '4', 'ภุชฌาพร', 'ดุลสันเทียะ', '622070101'),
('62207010017', '4', 'บงกช', 'ธิมาทาน', '622070101'),
('62207010018', '4', 'พัทธนันท์', 'พงษ์สงวน', '622070101'),
('62207010019', '4', 'ศิรประภา', 'เกิดสูง', '622070101'),
('62207010020', '4', 'ณัฐธิดา', 'ขันอุระ', '622070101'),
('62207010021', '3', 'นราธิป', 'นาคดิลก', '622070101'),
('62207010022', '4', 'ปานวลี', 'แป้นสีทอง', '622070101'),
('62207010023', '4', 'นารีรัตน์', 'ผลงาม', '622070101'),
('62207010024', '3', 'กิตติชัย', 'บุญเตาชู', '622070101'),
('62207010025', '3', 'วรพล', 'ตัณฑกิจวัฒนะ', '622070101'),
('62207010026', '4', 'ณัฐพิมล', 'เชี่ยวชาญสกุลมั่น', '622070101'),
('62207010027', '4', 'ดวงกมล', 'เขียวสด', '622070101'),
('62207010028', '4', 'ขจีนุช', 'บุญเจริญ', '622070101'),
('62207010029', '4', 'สุนิสา', 'ทิพย์รัตน์', '622070101'),
('62207010030', '4', 'รัตนาภรณ์', 'ปั้นบรรจง', '622070101'),
('62207010031', '4', 'ปาริชาติ', 'คล้อยนิ่มนวล', '622070101'),
('62207010032', '4', 'ตะวันส่องแสง', 'เผ่าวงศากุล', '622070102'),
('62207010033', '4', 'วรัทยา', 'บัวศิลป์', '622070102'),
('62207010034', '4', 'รุ่งรัตน์', 'สิงห์อุดม', '622070102'),
('62207010035', '4', 'เปรมิกา', 'กาญจนานุกูล', '622070101'),
('62207010036', '4', 'ณัฐการณ์', 'พุ่มพวง', '622070102'),
('62207010037', '4', 'พิชยา', 'บุญบรรเทิง', '622070101'),
('62207010038', '4', 'เบญจมาศ', 'แสนทรัพย์', '622070102'),
('62207010039', '4', 'ปัญญาพร', 'ดนัยสวัสดิ์', '622070102'),
('62207010040', '4', 'ประภัสสรา', 'ระษารักษ์', '622070102'),
('62207010041', '4', 'ดวงกมล', 'ยมขันต์', '622070102'),
('62207010042', '4', 'เยาวลักษณ์', 'โกละกะ', '622070101'),
('62207010043', '3', 'ธรรมวุฒิ', 'ทิวาสัมฤทธิ์', '622070102'),
('62207010044', '4', 'วิลาสินี', 'ขาวอุบล', '622070101'),
('62207010045', '4', 'ธาราทิพย์', 'แสนหมื่น', '622070101'),
('62207010046', '4', 'ปิ่นสุดา', 'วงษ์สลาม', '622070101'),
('62207010048', '4', 'ชไมพร', 'อุ่นศรี', '622070102'),
('62207010049', '4', 'ภารดี', 'ม่วงมณี', '622070102'),
('62207010050', '3', 'ชิติพัทธ์', 'ศุภศิริอนันต์', '622070102'),
('62207010051', '4', 'ศศิกรานต์', 'ปรางค์ทอง', '622070102'),
('62207010052', '3', 'ภูริวัฒน์', 'ตรีวิเศษ', '622070102'),
('62207010053', '4', 'นลิตา', 'ไกรสีทุม', '622070102'),
('62207010054', '4', 'ภณิดา', 'พรหมศรี', '622070102'),
('62207010055', '4', 'สายน้ำผึ้ง', 'ภคสันต์', '622070102'),
('62207010056', '4', 'จุฑามาศ', 'แจ่มศรีใส', '622070102'),
('62207010057', '4', 'ฐิติชญา', 'ฤทธิ์มหันต์', '622070102'),
('62207010058', '3', 'อธิเทพ', 'เดโชนันธวัช', '622070102'),
('62207010059', '4', 'ศรัญยา', 'อุ่นแฝง', '622070102'),
('62207010060', '4', 'ศิริธร', 'วุฒิเทียนทอง', '622070102'),
('62207010061', '4', 'ทิพนาถ', 'โคตรภูเขียว', '622070102'),
('62207010062', '4', 'ธัญมน', 'ไทยเขียว', '622070102'),
('62207010063', '3', 'พรพิพัฒน์', 'สีสอาด', '622070102'),
('62207010064', '4', 'อาภารัตน์', 'ทองนำ', '622070102'),
('62207010065', '4', 'นันทนิษฎ์', 'ปวีร์กุลวัฒน์', '622070102'),
('62207010066', '3', 'ชนกานต์', 'ไชยะโพธิ์', '622070102'),
('62207010067', '4', 'ชนกวนันท์', 'นักเป่า', '622070102'),
('62207010069', '4', 'ภาวิณี', 'คหัฏฐา', '622070102'),
('62207010070', '4', 'ยลรดี', 'นวลดี', '622070102'),
('62207010071', '3', 'ธรรมนูญ', 'แนวทอง', '622070102'),
('62207010072', '4', 'แกว๋นฟ้า', 'หมุนลี', '622070102'),
('62207010073', '4', 'พิชญธิดา', 'จอมจันทร์ยอง', '622070102'),
('6232010001', '4', 'ชญานิษฐ์', 'เสมวรณิชย์', '62320101'),
('6232010002', '4', 'กนกพร', 'ขบวนฉลาด', '62320101'),
('6232010003', '4', 'สุพัฒตา', 'ถาวร', '62320101'),
('6232010004', '4', 'ปภาดา', 'ศิริ', '62320101'),
('6232010005', '4', 'พัชรกันย์', 'รอดไผ่ทวีสิน', '62320101'),
('6232010006', '4', 'ฟาติน', 'เมฆลอย', '62320101'),
('6232010007', '3', 'สกลยุทธ', 'รัตนกร', '62320101'),
('6232010008', '3', 'ชาญวิทย์', 'กุลเมือง', '62320101'),
('6232010009', '3', 'ดนุพล', 'พิมเบ้าธรรม', '62320101'),
('6232010010', '4', 'สุทัตตา', 'แซ่เตียว', '62320101'),
('6232010011', '4', 'ไพลิน', 'ทาทิตย์', '62320101'),
('6232010012', '4', 'ทิตยา', 'ใยฤทธิ์', '62320101'),
('6232010013', '3', 'เทียนชัย', 'ธรรมกัญญา', '62320101'),
('6232010014', '4', 'ธัญลักษณ์', 'อยู่ดี', '62320101'),
('6232010015', '4', 'อรนีย์', 'พุทธประเสริฐ', '62320101'),
('6232010016', '4', 'กัญญาพัชร', 'ฤทธิ์กระจาย', '62320101'),
('6232010017', '4', 'ปรียาภรณ์', 'พรมสุข', '62320101'),
('6232010018', '4', 'ปิยะทิพย์', 'อรุณลักษณ์', '62320101'),
('6232010019', '4', 'นิญาดา', 'โตวัฒนา', '62320101'),
('6232010020', '4', 'ปิยมาภรณ์', 'ประเสริฐสัง', '62320101'),
('6232010021', '4', 'ฟารีดา', 'เมฆลอย', '62320101'),
('6232010022', '4', 'ดวงกมล', 'พวงแสงเพ็ญ', '62320101'),
('6232010023', '4', 'วิไลพร', 'นนทบุตร', '62320101'),
('6232010024', '4', 'นิรัญรัตน์', 'วัสติ', '62320101'),
('6232010025', '4', 'กรกนก', 'ชอบธรรม', '62320101'),
('6232010027', '4', 'บงกช', 'เหลือล้น', '62320101'),
('6232010028', '4', 'ฮัสณี', 'หม่ำยะลี', '62320102'),
('6232010029', '4', 'ปิยะดา', 'ยิ่งเจริญ', '62320102'),
('6232010030', '4', 'ปิยะพร', 'เลาะและ', '62320102'),
('6232010031', '4', 'ภริษา', 'เพียรไธสง', '62320102'),
('6232010032', '4', 'รัตนาภรณ์', 'บุญด้วง', '62320102'),
('6232010033', '4', 'ธมลวรรณ', 'อินทรสุวรรณ', '62320102'),
('6232010034', '4', 'หนึ่งฤทัย', 'หมายมั่น', '62320102'),
('6232010035', '4', 'จันทรา', 'พงษ์วรรณ', '62320102'),
('6232010036', '4', 'เกวลิน', 'ตาสันเทียะ', '62320102'),
('6232010037', '4', 'ธัญวรัตม์', 'เผ่าจินดา', '62320101'),
('6232010038', '4', 'เพ็ชรี', 'อังกุลดี', '62320103'),
('6232010039', 'น', 'สิริมา', 'ซุนสง่า', '62320103'),
('6232010040', '4', 'ปิยนุช', 'ศิริลักษณ์', '62320103'),
('6232010041', '4', 'ธนาภา', 'เนตรสว่าง', '62320103'),
('6232010042', '4', 'หทัยรัตน์', 'มลศิริ', '62320103'),
('6232010043', '4', 'พิมชนก', 'พันธ์เลิศ', '62320103'),
('6232010044', '4', 'ไพลิน', 'ศรีบูรณะ', '62320103'),
('6232010045', '4', 'สุรัสดา', 'เหมาะหมาย', '62320103'),
('6232010046', '4', 'อุษาพรทิพย์', 'ตาตา', '62320103'),
('6232010047', '4', 'ศศิวรรณ', 'ชำนาญเวช', '62320103'),
('6232010048', '4', 'สิริยาพร', 'เจริญทอง', '62320103'),
('6232010049', '4', 'ธนศมณ', 'หัสมาคะ', '62320103'),
('6232010050', '4', 'นัธติการติ์', 'สีม่วงงาม', '62320103'),
('6232010051', '4', 'วีรยา', 'สะอาดม่วง', '62320103'),
('6232010052', '4', 'กุลธิดา', 'บุญส่ง', '62320103'),
('6232010053', '4', 'นันท์นภัส', 'แซ่เตียว', '62320103'),
('6232010054', '4', 'เฟื่องลดา', 'คำบุญ', '62320103'),
('6232010055', '4', 'กชกร', 'ฟักเฟื่องบุญ', '62320103'),
('6232010056', '4', 'บุษราคัม', 'บูรณะเหตุ', '62320103'),
('6232010057', '4', 'ฐิติกา', 'โคกทุ่ง', '62320103'),
('6232010058', '4', 'ธีราภรณ์', 'นาโควงค์', '62320103'),
('6232010059', '4', 'สุดาวัลย์', 'แนบกลาง', '62320103'),
('6232010060', '4', 'ญาณิศา', 'ทองอุย', '62320103'),
('6232010061', '3', 'ณภัทร', 'ภูมิเจริญ', '62320103'),
('6232010062', '3', 'พงศธร', 'จันทะศรี', '62320103'),
('6232010063', '4', 'เกษราภรณ์', 'หัสวงค์', '62320103'),
('6232010064', '4', 'บุษกร', 'จ่างเจริญ', '62320105'),
('6232010065', '4', 'สุกัญญา', 'หงษ์คำมี', '62320105'),
('6232010066', '4', 'ฐานิตา', 'ดิษยวราธร', '62320105'),
('6232010067', '4', 'เกตุมณี', 'จันทร์หอม', '62320104'),
('6232010068', '4', 'กนกวรรณ', 'อำพันธ์', '62320104'),
('6232010069', '4', 'ฑิตยา', 'เครือคำ', '62320104'),
('6232010070', '4', 'ศรัญญา', 'มะระทา', '62320104'),
('6232010071', '3', 'อาณัฐชัย', 'สิริปัญญากุล', '62320104'),
('6232010072', '4', 'วีรวรรณ', 'หวลละห้อย', '62320104'),
('6232010073', '4', 'นฤมล', 'เจริญรักษ์', '62320104'),
('6232010074', '4', 'มณีญา', 'มิสา', '62320104'),
('6232010075', '4', 'ศศิ', 'นาคนิ่มนวล', '62320104'),
('6232010076', '4', 'อภิญญา', 'กุลโชติ', '62320104'),
('6232010077', '4', 'สุทธิตา', 'นิลขาว', '62320101'),
('6232010078', '4', 'ชุลีภรณ์', 'วงค์มหาเทพ', '62320104'),
('6232010079', '4', 'สโรชินี', 'แป้นเพชร์', '62320104'),
('6232010080', '4', 'นัทชา', 'อารีสง่าวงศ์', '62320101'),
('6232010081', '3', 'จิรทีปต์', 'เสนดำ', '62320104'),
('6232010082', '3', 'พีรพัฒน์', 'พริ้งเพราะ', '62320104'),
('6232010083', '4', 'ลักษมณ', 'เอี้ยวถาวรกุล', '62320105'),
('6232010084', '4', 'นิจจารีย์', 'มาดี', '62320105'),
('6232010085', '4', 'ศศิภา', 'คงละออ', '62320105'),
('6232010086', '4', 'ปนัดดา', 'กระจ่างพุ่ม', '62320105'),
('6232010087', '4', 'ชาลิสา', 'โสเป', '62320105'),
('6232010089', '4', 'ณัฐอัปสร', 'วงศ์ไชย', '62320104'),
('6232010090', '4', 'ณัฎฐกมล', 'หงษ์เจริญ', '62320105'),
('6232010091', '4', 'สุภาพร', 'เหมือนศาสตร์', '62320105'),
('6232010092', '4', 'ภาวิตา', 'เถาทอง', '62320105'),
('6232010093', '4', 'ชวัลนุช', 'บุญมาเลิศ', '62320105'),
('6232010094', '4', 'อรนุช', 'สะมะแอ', '62320104'),
('6232010095', '4', 'อริศรา', 'ยังงาม', '62320104'),
('6232010096', '4', 'ศุภนิดา', 'รัตน์กระทุ่ม', '62320105'),
('6232010100', '3', 'วงศกร', 'สุทธิอาคาร', '62320105'),
('6232010102', '4', 'พนิดา', 'เรืองแจ่ม', '62320102'),
('6232010103', '4', 'ธัญญาภรณ์', 'วิวัฒน์ปรัชานนท์', '62320102'),
('6232010104', '4', 'วราพร', 'นามจันทร์', '62320102'),
('6232010106', '3', 'รัชพล', 'ทองนิ่ม', '62320102'),
('6232010107', '4', 'อริสรา', 'รานอก', '62320102'),
('6232010108', '3', 'ณัฐกิตติ์', 'ล้อมวงษ์', '62320102'),
('6232010109', '3', 'ชาคริต', 'ซื่อต่อวงศ์', '62320102'),
('6232010110', '4', 'จิรประภา', 'กลิ่นสุคนธ์', '62320101'),
('6232010111', '4', 'รุ้งรัตน์', 'มะลิวัลย์', '62320102'),
('6232010112', '4', 'อัมรา', 'มงคล', '62320102'),
('6232010113', '4', 'จารุวรรณ', 'สุนทรนันท์', '62320101'),
('6232010114', '3', 'ชุติพนธ์', 'เคหดิษฐ', '62320105'),
('6232010116', '4', 'ธีรดา', 'สิงหกลางพล', '62320102'),
('6232010117', '4', 'วรีรัตน์', 'วงค์ใจมา', '62320102'),
('6232010118', '4', 'ภาวิณี', 'แสงรัตน์', '62320102'),
('6232010119', '4', 'ศิริประภา', 'บิดจันทึก', '62320102'),
('6232010120', '4', 'ชุนากาญน์', 'บุตโรบล', '62320102'),
('6232010121', '4', 'พัชรพร', 'อุดมกิจชัยวัฒน์', '62320102'),
('6232010122', '4', 'เจนจิรา', 'สัมฤทธิ์นอก', '62320101'),
('6232010123', '4', 'นัฐการ', 'โคกเคียน', '62320101'),
('6232010125', '4', 'นริศรา', 'มุทาพร', '62320102'),
('6232010126', '4', 'วิภาวดี', 'สว่างอารมณ์', '62320102'),
('6232010127', '4', 'ไพลิน', 'ศรีขาวผ่อง', '62320102'),
('6232010128', '4', 'จิราพัชร', 'เอมวัฒน์', '62320102'),
('6232010129', '4', 'นริศรา', 'เชื้ออ่าว', '62320102'),
('6232010131', '3', 'ปรัชญา', 'มาเอี่ยม', '62320102'),
('6232010132', '4', 'วราภรณ์', 'แจ่มกระจ่าง', '62320102'),
('6232010133', '3', 'ธนทร', 'ชัยชาญพันธ์', '62320105'),
('6232010134', '4', 'ระวิวรรณ', 'ประสาทสงค์', '62320105'),
('6232010135', '4', 'พันธิพา', 'คำมุงคุณ', '62320105'),
('6232010136', '4', 'วลัยลักษณ์', 'วงใหญ่', '62320105'),
('6232010137', '4', 'ตะวัน', 'ตุ้มทอง', '62320102'),
('6232010138', '4', 'ชนิตรา', 'รอดงาม', '62320102'),
('6232010139', '4', 'ทิพย์สุดา', 'วงษ์ดี', '62320102'),
('6232020001', '4', 'ณัฐติกาญจน์', 'พรหมพิชัย', '62320201'),
('6232020002', '4', 'พิมพ์พิสุทธิ์', 'เหลาบัพพา', '62320201'),
('6232020003', '4', 'วราภรณ์', 'รอบรู้', '62320202'),
('6232020004', '4', 'นัฐฌา', 'เนตรแสง', '62320202'),
('6232020005', '4', 'อนุชนาต', 'ทองอินทร์', '62320202'),
('6232020006', '4', 'อิษยา', 'สมศรี', '62320202'),
('6232020007', '4', 'ธัญชนก', 'วัชรีวงศ์ ณ อยุธยา', '62320202'),
('6232020008', '4', 'กมลทิพย์', 'คงเกลื่อน', '62320202'),
('6232020009', '3', 'ชินวัฒน์', 'สายบุตร', '62320202'),
('6232020010', '3', 'ศราวุธ', 'สนองผัน', '62320201'),
('6232020011', '3', 'ธนวัฒน์', 'มั่นคง', '62320203'),
('6232020012', '4', 'ฐิติพร', 'บุญเรือง', '62320202'),
('6232020013', '4', 'นงกรานต์', 'แซ่ลิ้ม', '62320202'),
('6232020014', '4', 'รุ่งนภา', 'แสงหาร', '62320202'),
('6232020015', '4', 'ทิพย์วรา', 'ยังฉิม', '62320202'),
('6232020016', '3', 'จิราพัชร', 'มิตรเจริญ', '62320203'),
('6232020017', '4', 'กิตติณา', 'สาทิพจันทร์', '62320202'),
('6232020018', '4', 'ณัฐกมล', 'เสนาวัง', '62320202'),
('6232020019', '4', 'ศรัญญา', 'อนุสรศักดิ์', '62320202'),
('6232020020', '4', 'ขวัญจิรา', 'วิเศษ', '62320202'),
('6232020021', '4', 'นภัสกร', 'กลิ่นเกษร', '62320201'),
('6232020022', '4', 'สิรินดา', 'ตั้งเซียน', '62320201'),
('6232020023', '4', 'พรทิพย์', 'คงนะภักดี', '62320203'),
('6232020024', '4', 'ศิโรธร', 'รัศมี', '62320203'),
('6232020025', '4', 'ปิยมน', 'บัวระภา', '62320201'),
('6232020026', '4', 'จิรานันท์', 'เดือนกระจ่าง', '62320201'),
('6232020027', '4', 'ชนาภรณ์', 'แซ่กัง', '62320201'),
('6232020029', '4', 'จุฑามาศ', 'จันทร์ธานี', '62320203'),
('6232020032', '4', 'พรพิชา', 'พานจันทร์', '62320202'),
('6232020033', '3', 'วันเฉลิม', 'คงวัฒนา', '62320202'),
('6232020034', '3', 'จักรกฤษณ์', 'กลัดเงิน', '62320201'),
('6232020035', '4', 'พีรยา', 'โภคทรัพย์', '62320201'),
('6232020036', '3', 'อนุเทพ', 'ทิพวัฒน์', '62320201'),
('6232020037', '4', 'ณัฐฐี', 'พงค์ชัยพรสกุล', '62320201'),
('6232020038', '3', 'ชนุดล', 'ดวงละหว้า', '62320201'),
('6232020039', '3', 'ธีรภัทร', 'แนวทอง', '62320201'),
('6232020040', '4', 'อริสรา', 'จันทร์อุดม', '62320201'),
('6232020041', '4', 'รินทิพย์', 'คงเอียด', '62320201'),
('6232020042', '4', 'สุทธิดา', 'โจ๊ะอนุช', '62320202'),
('6232020043', '3', 'ชายชโยดม', 'ไชยยศ', '62320202'),
('6232020044', '4', 'นันทนา', 'จำปา', '62320201'),
('6232020045', '4', 'อวัสดา', 'เพ็งสะและ', '62320202'),
('6232020046', '3', 'ภคพล', 'สรแสดง', '62320201'),
('6232020047', '4', 'จุติพร', 'แจ่มแจ้ง', '62320201'),
('6232020048', '4', 'ศิริจันทรา', 'อุดม', '62320201'),
('6232020049', '4', 'กาญจนา', 'อินทะนู', '62320201'),
('6232020050', '4', 'ศิริลักษณ์', 'ศรีอภัย', '62320203'),
('6232020051', '4', 'นิชากร', 'โงนขำ', '62320203'),
('6232020052', '4', 'ชื่นสุมล', 'บุญเพียง', '62320201'),
('6232020054', '4', 'จินดามณี', 'ฤาหาญ', '62320201'),
('6232020056', '4', 'วรินลดา', 'คันธวังอินทร์', '62320202'),
('6232020057', '4', 'พันพัสสา', 'แตงโสภา', '62320201'),
('6232020058', '4', 'ณัฐชา', 'ช่อรัก', '62320201'),
('6232020059', '4', 'ธิรนาฎ', 'พรสถิตย์วรกุล', '62320202'),
('6232020060', '4', 'เจนจิรา', 'แก้วกาญจน์', '62320202'),
('6232020061', '3', 'ปฐวี', 'บุบผาวัลย์', '62320202'),
('6232020062', '3', 'รณรงค์', 'โสภา', '62320203'),
('6232020063', '4', 'จันทกานต์', 'จันทบูรณ์', '62320202'),
('6232020065', '3', 'ณัฐพัชร์', 'ตั้งสุรกิจ', '62320201'),
('6232020066', '4', 'ณัฐสุดา', 'สุวาส', '62320201'),
('6232020067', '4', 'วรัญญา', 'น้อยพิมพ์', '62320203'),
('6232020068', '4', 'เฟื่องฟ้า', 'ดวงฤดี', '62320203'),
('6232020069', '4', 'อมรา', 'มุกดารา', '62320203'),
('6232020071', '4', 'ภรณรันท์', 'อนันต์ธนโชติ', '62320201'),
('6232020072', '3', 'เศกสิทธิ์', 'วอทอง', '62320202'),
('6232020073', '3', 'อดิเทพ', 'ดวงจันทร์', '62320202'),
('6232040001', '3', 'คุณานนต์', 'จีนทั่ง', '62320401'),
('6232040002', '4', 'สมใจ', 'โพธิ์ทอง', '62320401'),
('6232040003', '3', 'จีรพัฒน์', 'ชื่นอารมย์', '62320401'),
('6232040004', '3', 'ยุทธการ', 'ปานทับ', '62320401'),
('6232040005', '4', 'อรัญญา', 'ลุนโน', '62320401'),
('6232040006', '3', 'โยเซฟ', 'สกุลหงษ์', '62320402'),
('6232040007', '3', 'ชลภัทร', 'ภมร', '62320402'),
('6232040008', '3', 'ณัฐดนัย', 'เถื่อนเทพ', '62320402'),
('6232040009', '3', 'วรุต', 'ทองสา', '62320402'),
('6232040010', '3', 'วัชรินทร์', 'แดงภูมิ', '62320402'),
('6232040011', '3', 'ธีระสิทธิ์', 'เวินขุนทด', '62320402'),
('6232040012', '3', 'ขวัญชัย', 'อินทชิต', '62320402'),
('6232040013', '4', 'ลักษณพรรณ', 'คงเสนา', '62320402'),
('6232040014', '3', 'พงศ์ธนิต', 'นิธิกรวงษ์เจริญ', '62320401'),
('6232040015', '4', 'ณัฐณิชา', 'จันทร์ขำ', '62320401'),
('6232040016', '3', 'ณัฐรัตน์', 'พูลสวัสดิ์', '62320401'),
('6232040017', '3', 'ยศธร', 'อมตฉายา', '62320401'),
('6232040018', '3', 'พุทธินันท์', 'จันทร์ขาว', '62320401'),
('6232040019', '3', 'สุวัฒน์', 'สว่างศรี', '62320402'),
('6232040020', '4', 'บัวชมพู', 'พรหมหาคำ', '62320401'),
('6232040021', '3', 'ศุพัตกฤณห์', 'องอาจ', '62320401'),
('6232040022', '3', 'ดนุพล', 'ขยายแสง', '62320401'),
('6232040023', '4', 'ดลญา', 'พลอยประเสริฐ', '62320401'),
('6232040028', '3', 'ญาณารณพ', 'วิชัยดิษฐ์', '62320401'),
('6232040029', '3', 'ภานุวัฒน์', 'นิลปานันท์', '62320401'),
('6232040031', '3', 'ชยพล', 'กัณหา', '62320401'),
('6232040033', '4', 'นฤมล', 'จิตรปฏิการ', '62320402'),
('6232040034', '3', 'นิติพงษ์', 'สาลีพันธุ์', '62320402'),
('6232040036', '3', 'ปิยะพล', 'ชลวิไล', '62320402'),
('6232040039', '3', 'นิติภูมิ', 'พวงยอด', '62320401'),
('6232040040', '3', 'กิตติศักดิ์', 'อาษา', '62320402'),
('6232040041', '3', 'พลฤทธิ์', 'อินทวี', '62320401'),
('6232040042', '3', 'ธีรพล', 'ทองธรรมชาติ', '62320402'),
('6232110001', '4', 'ศุภัคษร', 'แซ่อึ้ง', '62321101'),
('6232110002', '4', 'สุวนันท์', 'สมจิตร', '62321102'),
('6232110003', '4', 'กนกวรรณ', 'กล่ำเหว่า', '62321101'),
('6232110004', '3', 'นวมินทร์', 'ชัยสาร', '62321102'),
('6232110005', '4', 'ฐานัชฌา', 'เพ็ชรหล่อเหลียน', '62321102'),
('6232110006', '4', 'ปฏิยาพร', 'ยนตรี', '62321101'),
('6232110007', '4', 'สโรชา', 'จิตมั่น', '62321101'),
('6232110008', '3', 'ธงชัย', 'บุญโสภาส', '62321102'),
('6232110011', '4', 'แหวน', 'วงศ์สายลือ', '62321103'),
('6232110012', '4', 'ไพริน', 'แซ่ย่าง', '62321103'),
('6232110013', '4', 'พกาวรรณ', 'ลอวู', '62321103'),
('6232110014', '4', 'วนิดา', 'โอฬารกิจพาณิช', '62321103'),
('6232110015', '4', 'ธีรารัตน์', 'เหมือนศรี', '62321102'),
('6232120001', '4', 'ดวงนภา', 'ตลับทอง', '62321201'),
('6232120002', '3', 'ปฏิมากร', 'เอื้อไธสง', '62321201'),
('6232120003', '3', 'กิตติชัย', 'ปานปุย', '62321201'),
('6232120005', '3', 'ปฏิภาณ', 'คชบัว', '62321201'),
('6232120007', '4', 'คริสตพร', 'มาชื่น', '62321201'),
('6232120008', '4', 'ศิริรัตน์', 'บุหงารัตน์', '62321201'),
('6232120009', '4', 'อริสา', 'ตติยรัตน์', '62321201'),
('6232120010', '3', 'ธีรเดช', 'กลิ่นคง', '62321201'),
('6232120011', '4', 'พนิดา', 'ค้าคล่อง', '62321201'),
('6232120012', '3', 'ทัศนพล', 'มีฤทธิ์', '62321201'),
('6232120013', '3', 'เข็มทิศ', 'หงษ์ทอง', '62321201'),
('6232140001', '4', 'กมลา', 'อยู่เจริญ', '62321401'),
('6232140002', '4', 'แพรพรรณ', 'แหลมเพชรชัย', '62321401'),
('6232140003', '4', 'นริศรา', 'จันทิมา', '62321401'),
('6232140004', '4', 'ฉัตรธิดา', 'ทองค่ำ', '62321401'),
('6232140005', '4', 'วราภรณ์', 'กุลทอง', '62321401'),
('6232140006', '4', 'วรกมล', 'ร้อยหมื่น', '62321401'),
('6232140007', '4', 'ศศิธร', 'ชาติเผือก', '62321403'),
('6232140008', '4', 'วรินมาศ', 'เฉลยศักดิ์', '62321401'),
('6232140009', '3', 'วิทยา', 'บุญรอด', '62321401'),
('6232140010', '4', 'อรนุช', 'มั่นคง', '62321401'),
('6232140011', '4', 'พัณณิตา', 'เฉลิมพล', '62321401'),
('6232140012', '4', 'ธิดารัตน์', 'พรหมศาสตร์', '62321401'),
('6232140013', '4', 'บุษยามณ', 'ชิณบุตร', '62321401'),
('6232140014', '4', 'เนตรชนก', 'เมืองสุวรรณ', '62321401'),
('6232140015', '4', 'หัทยา', 'สร้อยสีหา', '62321401'),
('6232140016', '3', 'ปิยะณรงค์', 'ปรางชัยภูมิ', '62321401'),
('6232140017', '4', 'ขนิษฐา', 'นาคมา', '62321402'),
('6232140018', '4', 'ณรัชวัลคุ์', 'ศรีวิจารย์', '62321402'),
('6232140019', '4', 'อภิสรา', 'ศรีสองสม', '62321402'),
('6232140020', '3', 'อภิวัฒน์', 'ลักคะติ', '62321402'),
('6232140021', '3', 'พงศภัค', 'มีบัวเฮง', '62321401'),
('6232140022', '3', 'สุทธิพงษ์', 'สุขเกษม', '62321401'),
('6232140023', '3', 'เอกธนัช', 'จารุเจริญทรัพย์', '62321401'),
('6232140024', '4', 'กิ่งกาญณ์', 'กมลวิจิตร', '62321402'),
('6232140025', '4', 'สุดธิดา', 'รัตนไชยยาพร', '62321402'),
('6232140026', '4', 'มยุรินย์', 'จรกา', '62321402'),
('6232140027', '4', 'จิราภรณ์', 'สาริมา', '62321402'),
('6232140028', '4', 'พนิดา', 'กุลสอนนาม', '62321402'),
('6232140029', '4', 'ขวัญจิรา', 'ม่วงแก้ว', '62321402'),
('6232140030', '3', 'พุฒิพงษ์', 'แสนน้อย', '62321401'),
('6232140031', 'น', 'ณัฐพล', 'คชพลายุกต์', '62321402'),
('6232140033', '3', 'ธนาธร', 'ปทุมานนท์', '62321402'),
('6232140034', '4', 'วรรณทยา', 'อรรคจันทร์', '62321402'),
('6232140035', '3', 'หิรัณย์', 'นับทอง', '62321402'),
('6232140036', '3', 'ภูตะวัน', 'เพียผิว', '62321402'),
('6232140037', '4', 'นริศรา', 'วงศ์ศรี', '62321402'),
('6232140038', '4', 'วรรณิษา', 'ประสพแก้ว', '62321402'),
('6232140039', '4', 'เกณิกา', 'วิลาวรรณ์', '62321402'),
('6232140040', '4', 'ศิวพร', 'แจ่มสอาด', '62321402'),
('6232140041', '4', 'แก้วกิริยา', 'จิระประเสริฐวิทย์', '62321403'),
('6232140042', '4', 'นิชาภา', 'ใบสมุทร', '62321403'),
('6232140043', '3', 'สัณหณัฐ', 'หร่ายกลาง', '62321403'),
('6232140044', '3', 'ภัทรพล', 'แก้วไพรินทร์', '62321403'),
('6232140046', '4', 'กัญญาภรณ์', 'อยู่เพชร', '62321403'),
('6232140047', '4', 'แพรวพิลาศ', 'ยุติมิตร', '62321403'),
('6232140048', '4', 'สุภาพร', 'สุขเสถียร', '62321403'),
('6232140049', '4', 'พรประภา', 'โฆษิตเสนีย์', '62321403'),
('6232140050', '4', 'ภัคจิรา', 'โพธิรอด', '62321403'),
('6232140051', '3', 'ธีรภัทร', 'ผลาวรรณ์', '62321403'),
('6232140052', '3', 'วริษฐ์', 'หะวันพัฒนา', '62321403'),
('6232140053', '3', 'นันทวัฒน์', 'มีสวรรค์', '62321403'),
('6232140054', '3', 'เกียรติศักดิ์', 'กลิ่นพิกุล', '62321403'),
('6232140055', '4', 'ศิริพร', 'กระภูพันธ์', '62321403'),
('6232140056', '4', 'นรินทร์พร', 'โพธิชัยศรี', '62321403'),
('6232140057', '4', 'วิภาดา', 'ว่องประเสริฐ', '62321403'),
('6232140058', '3', 'อดิศร', 'โสดสีกาวี', '62321403'),
('6232140059', '4', 'จรีพร', 'เกตุจันทร์', '62321403'),
('6232140060', '3', 'ปัญญากร', 'สมันศรี', '62321403'),
('6232140061', '3', 'บดินทร์', 'เซี้ยอรัญชัย', '62321403'),
('6232140062', '3', 'ธีรภัทร', 'จิรพุทธิ', '62321403'),
('6232140063', '4', 'ฉัตรสุดา', 'เหล่าสิริพิพัฒน์', '62321402'),
('6232140064', '4', 'นรินธร', 'แฝงวงศ์คำ', '62321403'),
('6232143001', '4', 'ชาริณี', 'วงศ์มา', '62321404'),
('6232143002', 'น', 'ทิพย์วดี', 'เขื่อนคำ', '62321404'),
('6232143003', '4', 'ภาวินี', 'เนียมพูลทอง', '62321404'),
('6232143004', '4', 'เพ็ญชญา', 'คงขุนทด', '62321404'),
('6232143005', '3', 'สุชาติ', 'จันดาดี', '62321404'),
('6232143006', '4', 'คณพิชญ์', 'แช่มชู', '62321404'),
('6232150001', '3', 'ธีรพัฒน์', 'แดงเฉย', '62321501'),
('6232150002', '4', 'ธาราทอง', 'ชลพิไลพงศ์', '62321501'),
('6232150003', '4', 'ณัฐฐาพร', 'ธรรมกิจ', '62321501'),
('6232150004', '4', 'สุจีรา', 'สุริวรรณ์', '62321501'),
('6232150005', '4', 'ศิรินภา', 'จั่นพา', '62321501'),
('6232150007', '4', 'ประภาพร', 'พลอยประเสริฐ', '62321501'),
('6232150008', '4', 'ศุภิสรา', 'นิยมเสถียร', '62321501'),
('6232150009', '3', 'ศุภวิชญ์', 'แผ่เทียนทอง', '62321501'),
('6232150010', '4', 'จินตหรา', 'มาทา', '62321501'),
('6232150011', '4', 'พนาวรรณ', 'ตรุษจา', '62321501'),
('6232150012', '4', 'ปาณิศา', 'ไซนนดี', '62321501'),
('6232150014', '4', 'ธิดารัตน์', 'แหลมหลวง', '62321501'),
('6232150016', '4', 'มาลิณี', 'ประสาทเขตกรณ์', '62321501'),
('6237010001', '4', 'ศิริวิมล', 'สายกระสุน', '62370101'),
('6237010003', '3', 'ณัฐวุฒิ', 'สงทอง', '62370101'),
('6237010004', '4', 'ปวริศา', 'แสงสุดสี', '62370101'),
('6237010005', '4', 'อัณณ์นภัส', 'บุญมาลี', '62370101'),
('6237010006', '4', 'อรนันท์', 'ดุลสันเทียะ', '62370101'),
('6237010007', '4', 'ณัฏฐ์กมลศา', 'สายพรม', '62370101'),
('6237010008', '4', 'ธนาภา', 'เป้าฟัก', '62370101'),
('6237010009', '4', 'นินฐกาญจน์', 'พ่วงไพโรจน์', '62370101'),
('6237010010', '4', 'จารุนันท์', 'ทองคำ', '62370101'),
('6237010011', '4', 'อารียา', 'แสงรัตน์', '62370101'),
('6237010012', '3', 'ชินโชติ', 'บัวตุม', '62370101'),
('6237010013', '4', 'สุพัฒจณี', 'บุญเกิด', '62370101'),
('6237010014', '4', 'ณัฎฐพร', 'แทนเพชร', '62370101'),
('6237010015', '4', 'กนกวรรณ', 'แก้วระหัน', '62370101'),
('6237010016', '4', 'อิสรา', 'หวังครกลาง', '62370101'),
('6237010017', '4', 'เนตรนภา', 'โจว', '62370101'),
('6237010018', '4', 'แพรวา', 'คำโสภณ', '62370101'),
('6237010019', '4', 'ประภัสสร', 'พามา', '62370101'),
('6237010021', '4', 'อิสรี', 'แตงหอม', '62370101'),
('6237010022', '3', 'นฤดล', 'ยิ้มละมัย', '62370101'),
('6237010023', '3', 'สุรพัศ', 'วงษ์ละคร', '62370101'),
('6237010025', '4', 'สุทธิดา', 'สุขเสริม', '62370101'),
('6237010026', '4', 'อรอนงค์', 'จันทาพุฒ', '62370101'),
('6237010028', '3', 'เอกลักษณ์', 'สว่างตุ่ม', '62370101'),
('6237010029', '4', 'จินดาพร', 'จันทร์จิระ', '62370101'),
('6237010030', '3', 'กิติธรา', 'จันทะพวง', '62370101'),
('6237010031', '3', 'พุทธภูมิ', 'ภาคสุทธิผล', '62370101'),
('6237010032', '3', 'ธิรพัฒน์', 'ยืนยั่ง', '62370101'),
('6237071001', '3', 'ศุทธวีร์', 'ทองภูเบศ', '62370701'),
('6237071002', '4', 'รัชนี', 'ประจุสมัย', '62370701'),
('6237071003', '4', 'นภสร', 'สุภาผล', '62370701'),
('6237071004', '4', 'กนกพร', 'ภูสีโสม', '62370701'),
('6237071005', '4', 'กุลธิดา', 'โรจนด่านตระกูล', '62370701'),
('6237071006', '4', 'ขนิษฐา', 'บุญทศ', '62370701'),
('6237071007', '3', 'ไวเกี๊ยต', 'แซ่ตั้ง', '62370701'),
('6237071008', '4', 'ปภาพินท์', 'แสวงบริสุทธิ์', '62370701'),
('6237071009', '4', 'ณัชชา', 'สุขจิตร', '62370701'),
('6237071010', '4', 'ศิรินทิพย์', 'บุญดี', '62370701'),
('6237071011', '4', 'มัสยา', 'หงษ์ทอง', '62370701'),
('6237071012', '4', 'ปภานัน', 'แก้วงาม', '62370701'),
('6237071013', '4', 'ณัฐรียา', 'ประสิทธิ์พันธ์', '62370701'),
('6237071014', '4', 'ปิยะวัน', 'ฝ้ายตระกูล', '62370701'),
('6237071015', '3', 'ทัศนัย', 'เสริฐคัมภ์ศร', '62370701'),
('6237071017', '4', 'ณัฐชา', 'บุญมา', '62370701'),
('6237071021', '3', 'ณัฐพล', 'สรรเสริญวุฒิ', '62370701'),
('6237071022', '4', 'อรอุมา', 'ทองเพ็ชร์', '62370701'),
('6237071023', '4', 'อาทิตยา', 'อยู่ดี', '62370701'),
('6237071024', '4', 'มัลลิกา', 'กัณหาจันทร์', '62370701'),
('6237071025', '4', 'อรปรียา', 'พันธ์โชติ', '62370701'),
('6237071026', '4', 'ฐาปนี', 'ช่วยค้ำชู', '62370701'),
('6239010001', 'น', 'ชญานี', 'ใจหงษ์', '62390101'),
('6239010002', 'น', 'ลักษมี', 'นาคทอง', '62390101'),
('6239010003', 'น', 'จีรศักดิ์', 'จันทร์นิล', '62390101'),
('6239010004', 'น', 'ศรีรัฐ', 'กูลศิริ', '62390101'),
('6239010005', 'น', 'ปริญญา', 'ดอนประดู่', '62390101'),
('6239010006', 'น', 'สหัสวรรษ', 'ช่อผกา', '62390101'),
('6239010007', 'น', 'ณัฐชานนท์', 'อามาตย์มนตรี', '62390101'),
('6239010008', 'น', 'จารุวัฒน์', 'พัฒนพิธาน', '62390101'),
('6239010010', 'น', 'เปรมวิทย์', 'บุญมานะ', '62390101'),
('6239010011', 'น', 'จิรทัตต์', 'ตองกลิ่น', '62390101'),
('6239010012', 'น', 'วีรภัทร', 'ญาณโช', '62390101'),
('6239010013', 'น', 'นันทกาล', 'ไกรสุข', '62390101'),
('6239010014', 'น', 'จิรพัฒน์', 'พันธัง', '62390101'),
('6239010015', 'น', 'เศรษฐพงศ์', 'ฟ้าองอาจ', '62390101'),
('6239010016', 'น', 'ธีรสุต', 'เกษเจริญ', '62390101'),
('6239010017', 'น', 'พงศธร', 'โฉมแจง', '62390101'),
('6239010018', 'น', 'ศิริชัย', 'จงปลงกลาง', '62390101'),
('6239010019', 'น', 'รัชนีกร', 'รัตนพันธ์', '62390101'),
('6239010020', 'น', 'จิรพัฒน์', 'ธิมาทาน', '62390101'),
('6239010021', 'น', 'โชคดี', 'เวชยันต์', '62390101'),
('6239010023', 'น', 'อธิวัฒน์', 'เจริญฐิติธนชัย', '62390101'),
('6239010024', 'น', 'คณิศร', 'สองเมือง', '62390101'),
('6239010026', 'น', 'วรวิทย์', 'ปัญญาไว', '62390101'),
('6239010027', 'น', 'ปฏิภาณ', 'ไขไพรวัน', '62390101'),
('6239010028', 'น', 'พงศธร', 'วิยะบุญ', '62390101'),
('6242040901', '3', 'สันติสุข', 'ปาปะโน', '62420401'),
('6242040902', '3', 'ณัฐภัทร', 'สมสุขเจริญ', '62420401'),
('6242040903', '3', 'วันเฉลิม', 'กุลพานิช', '62420401'),
('6242040904', '3', 'กัมพล', 'ชยพลมงคล', '62420401'),
('6242040905', '3', 'สุวิจักขณ์', 'จีนเกิด', '62420401'),
('6242040906', '3', 'อัครพงษ์', 'เหล่าพิลัย', '62420401'),
('6242040907', '3', 'อนุลักษณ์', 'กระทุ่มทอง', '62420401'),
('6242040908', '3', 'ชาคริต', 'พรทุม', '62420401'),
('6242040909', '3', 'ธีระพงษ์', 'บัวทอง', '62420401'),
('6242040910', '3', 'ณัฐภรณ์', 'เศรษฐ์เบญจพล', '62420401'),
('6242040911', '3', 'ธนรัตน์', 'เจริญสุข', '62420401'),
('6242040912', '4', 'มณีญาดา', 'บุญมาวัตร', '62420401'),
('6242040913', '3', 'ณัฐฐา', 'แป้นสุวรรณ', '62420401'),
('6242040914', '3', 'ธิติพันธุ์', 'เกษก้อน', '62420401'),
('6242040915', '4', 'ณัฐจิรา', 'ยศปัญญา', '62420401'),
('6242040917', '3', 'ภูธร', 'สุวรรณศิลป์', '62420401'),
('6242040918', '3', 'อรรถกร', 'ไชยะโส', '62420401');

-- --------------------------------------------------------

--
-- Table structure for table `ac_std_register`
--

CREATE TABLE `ac_std_register` (
  `id` int(11) NOT NULL,
  `qr_code` varchar(100) NOT NULL,
  `std_code` varchar(100) NOT NULL,
  `time_scan` datetime NOT NULL,
  `act_id` int(11) DEFAULT NULL
) ENGINE=InnoDB DEFAULT CHARSET=utf8mb4;

--
-- Dumping data for table `ac_std_register`
--

INSERT INTO `ac_std_register` (`id`, `qr_code`, `std_code`, `time_scan`, `act_id`) VALUES
(1, '12345678901', '12345678901', '2019-11-11 16:44:40', 1),
(2, '12345678901', '12345678901', '2019-11-11 16:44:52', 1),
(3, '1234567890', '1234567890', '2019-11-11 16:44:55', 1),
(4, '1234567890', '1234567890', '2019-11-12 11:26:01', 1),
(5, '1234567890', '1234567890', '2019-11-13 10:25:48', 1);

-- --------------------------------------------------------

--
-- Table structure for table `ac_userdata`
--

CREATE TABLE `ac_userdata` (
  `id` int(11) NOT NULL COMMENT 'รหัสผู้ใช้',
  `username` varchar(50) DEFAULT NULL COMMENT 'ชื่อผู้ใช้',
  `password` varchar(32) DEFAULT NULL COMMENT 'รหัสผ่าน',
  `name` varchar(100) NOT NULL,
  `surname` varchar(100) NOT NULL,
  `email` varchar(100) NOT NULL,
  `personal_id` int(11) DEFAULT NULL COMMENT 'รหัสบุคลากร',
  `active` enum('Y','N','B') NOT NULL DEFAULT 'Y' COMMENT 'เปิดใช้งาน',
  `user_type` enum('admin','advisor','staff','user','guest') NOT NULL DEFAULT 'user' COMMENT 'ประเภทผู้ใช้',
  `last_login` datetime DEFAULT NULL COMMENT 'ลงชื่อเข้าใช้ครั้งสุดท้าย'
) ENGINE=InnoDB DEFAULT CHARSET=utf8mb4;

--
-- Dumping data for table `ac_userdata`
--

INSERT INTO `ac_userdata` (`id`, `username`, `password`, `name`, `surname`, `email`, `personal_id`, `active`, `user_type`, `last_login`) VALUES
(1, 'admin', '5f4dcc3b5aa765d61d8327deb882cf99', 'ผู้ดูแลระบบ', '-', 'print@bncc.ac.th', 1, 'Y', 'admin', '2019-11-22 22:04:37'),
(2, 'staff', '25d55ad283aa400af464c76d713c07ad', '', '', '', 2, 'Y', 'staff', '2019-08-25 08:59:25'),
(3, 'user', '25d55ad283aa400af464c76d713c07ad', 'ผู้ใช้', 'ทั่วไป', 'user@bncc.ac.th', NULL, 'Y', 'user', '2019-11-11 16:52:50');

--
-- Indexes for dumped tables
--

--
-- Indexes for table `ac_activity`
--
ALTER TABLE `ac_activity`
  ADD PRIMARY KEY (`id`);

--
-- Indexes for table `ac_group`
--
ALTER TABLE `ac_group`
  ADD PRIMARY KEY (`group_id`);

--
-- Indexes for table `ac_site_config`
--
ALTER TABLE `ac_site_config`
  ADD PRIMARY KEY (`config_name`),
  ADD UNIQUE KEY `config_name` (`config_name`);

--
-- Indexes for table `ac_std`
--
ALTER TABLE `ac_std`
  ADD PRIMARY KEY (`student_id`);

--
-- Indexes for table `ac_std_register`
--
ALTER TABLE `ac_std_register`
  ADD PRIMARY KEY (`id`);

--
-- Indexes for table `ac_userdata`
--
ALTER TABLE `ac_userdata`
  ADD PRIMARY KEY (`id`),
  ADD UNIQUE KEY `username` (`username`);

--
-- AUTO_INCREMENT for dumped tables
--

--
-- AUTO_INCREMENT for table `ac_activity`
--
ALTER TABLE `ac_activity`
  MODIFY `id` int(11) NOT NULL AUTO_INCREMENT, AUTO_INCREMENT=9;

--
-- AUTO_INCREMENT for table `ac_std_register`
--
ALTER TABLE `ac_std_register`
  MODIFY `id` int(11) NOT NULL AUTO_INCREMENT, AUTO_INCREMENT=6;

--
-- AUTO_INCREMENT for table `ac_userdata`
--
ALTER TABLE `ac_userdata`
  MODIFY `id` int(11) NOT NULL AUTO_INCREMENT COMMENT 'รหัสผู้ใช้', AUTO_INCREMENT=4;
COMMIT;

/*!40101 SET CHARACTER_SET_CLIENT=@OLD_CHARACTER_SET_CLIENT */;
/*!40101 SET CHARACTER_SET_RESULTS=@OLD_CHARACTER_SET_RESULTS */;
/*!40101 SET COLLATION_CONNECTION=@OLD_COLLATION_CONNECTION */;
